tempo_s,amplitude
0.000000,2.0351
0.000125,1.7567
0.000250,0.1465
0.000375,1.5056
0.000500,0.2688
0.000625,0.8236
0.000750,2.5575
0.000875,2.2103
0.001000,1.3762
0.001125,1.1141
0.001250,1.0495
0.001375,0.9639
0.001500,-0.1518
0.001625,0.8755
0.001750,1.5869
0.001875,1.4995
0.002000,0.9812
0.002125,-0.2401
0.002250,0.7007
0.002375,-0.4415
0.002500,1.1010
0.002625,-0.2995
0.002750,-0.3132
0.002875,-1.0859
0.003000,-0.7856
0.003125,-0.0843
0.003250,-0.2487
0.003375,1.7609
0.003500,0.3380
0.003625,0.1236
0.003750,1.2264
0.003875,-0.8757
0.004000,0.4219
0.004125,-0.4448
0.004250,1.0102
0.004375,0.9981
0.004500,-0.4841
0.004625,-0.2385
0.004750,-0.7896
0.004875,-0.1546
0.005000,-1.0422
0.005125,1.1373
0.005250,-1.3489
0.005375,-1.2757
0.005500,-1.1793
0.005625,-0.1545
0.005750,-0.4937
0.005875,-0.8504
0.006000,-1.6388
0.006125,-2.0499
0.006250,-0.3246
0.006375,-0.7285
0.006500,-0.6899
0.006625,-1.2480
0.006750,-2.7164
0.006875,-0.1978
0.007000,-0.5336
0.007125,-1.7229
0.007250,-1.7056
0.007375,-1.8476
0.007500,0.5002
0.007625,0.8699
0.007750,-0.4002
0.007875,-0.0197
0.008000,1.1542
0.008125,-0.0674
0.008250,1.4678
0.008375,0.2056
0.008500,0.3635
0.008625,1.3769
0.008750,0.5099
0.008875,0.2580
0.009000,1.6211
0.009125,2.1650
0.009250,0.6128
0.009375,0.5129
0.009500,-0.5511
0.009625,1.1216
0.009750,2.3135
0.009875,0.1600
0.010000,-0.6162
0.010125,0.0526
0.010250,1.6347
0.010375,0.3432
0.010500,0.2519
0.010625,2.0523
0.010750,-0.3137
0.010875,0.7839
0.011000,0.5432
0.011125,-0.9656
0.011250,-2.1732
0.011375,-0.0858
0.011500,1.0019
0.011625,0.5002
0.011750,0.4956
0.011875,-0.5044
0.012000,1.1944
0.012125,0.2118
0.012250,0.0341
0.012375,-0.1613
0.012500,-1.2982
0.012625,0.2168
0.012750,-1.0371
0.012875,0.2628
0.013000,-0.5087
0.013125,-1.4361
0.013250,-0.9069
0.013375,-0.2647
0.013500,0.2686
0.013625,1.0394
0.013750,-0.0981
0.013875,0.0346
0.014000,1.2621
0.014125,-0.5442
0.014250,-0.0488
0.014375,0.3306
0.014500,-0.7627
0.014625,-0.4172
0.014750,-1.0487
0.014875,-1.7653
0.015000,0.0552
0.015125,0.6608
0.015250,-0.3931
0.015375,-0.7312
0.015500,-0.5046
0.015625,-1.7743
0.015750,-0.2538
0.015875,-1.2812
0.016000,-0.7925
0.016125,-1.0894
0.016250,-1.2456
0.016375,-0.6569
0.016500,-0.1543
0.016625,-1.8452
0.016750,-1.0061
0.016875,-1.9430
0.017000,1.2377
0.017125,0.2937
0.017250,0.6425
0.017375,0.0530
0.017500,0.1082
0.017625,3.2873
0.017750,2.8362
0.017875,0.0643
0.018000,0.8558
0.018125,1.8856
0.018250,1.9450
0.018375,1.6705
0.018500,0.5294
0.018625,0.5073
0.018750,1.9345
0.018875,0.1985
0.019000,0.2237
0.019125,0.6987
0.019250,1.5851
0.019375,0.2428
0.019500,1.2993
0.019625,1.9563
0.019750,1.2574
0.019875,0.8915
0.020000,1.0614
0.020125,-0.5815
0.020250,0.8329
0.020375,0.9333
0.020500,0.4451
0.020625,0.3359
0.020750,-0.8297
0.020875,0.4115
0.021000,0.2616
0.021125,-0.9390
0.021250,1.7480
0.021375,0.5064
0.021500,1.5752
0.021625,-0.5528
0.021750,0.9301
0.021875,1.1546
0.022000,-1.4973
0.022125,1.0212
0.022250,0.1670
0.022375,0.0844
0.022500,0.3295
0.022625,0.2987
0.022750,-0.4662
0.022875,-0.8009
0.023000,-0.8388
0.023125,-0.6886
0.023250,-0.8600
0.023375,0.0287
0.023500,-1.0213
0.023625,-2.2038
0.023750,-2.0630
0.023875,-0.4841
0.024000,-0.8283
0.024125,1.6076
0.024250,0.2857
0.024375,0.1150
0.024500,-1.1560
0.024625,-0.5140
0.024750,-1.3230
0.024875,-1.7539
0.025000,0.2852
0.025125,-0.9402
0.025250,0.0320
0.025375,-2.2337
0.025500,-1.9695
0.025625,-1.3644
0.025750,0.1620
0.025875,0.0393
0.026000,-0.6194
0.026125,-0.4184
0.026250,-0.5324
0.026375,0.8675
0.026500,1.2989
0.026625,1.7469
0.026750,1.5046
0.026875,0.6615
0.027000,1.3759
0.027125,2.1204
0.027250,1.9270
0.027375,1.4932
0.027500,0.6185
0.027625,1.4818
0.027750,0.1858
0.027875,2.6537
0.028000,0.6137
0.028125,1.2188
0.028250,-0.1016
0.028375,0.6229
0.028500,0.1263
0.028625,0.2065
0.028750,1.2808
0.028875,1.2220
0.029000,0.8115
0.029125,1.2647
0.029250,1.2204
0.029375,0.8892
0.029500,0.4800
0.029625,-0.3273
0.029750,-0.3341
0.029875,-0.4123
0.030000,0.6036
0.030125,-1.7343
0.030250,0.5283
0.030375,-0.2061
0.030500,-0.9236
0.030625,0.3235
0.030750,1.0808
0.030875,-0.9898
0.031000,-0.6192
0.031125,-0.2068
0.031250,-0.2982
0.031375,-0.4045
0.031500,0.4588
0.031625,-0.9331
0.031750,-0.9293
0.031875,-0.3429
0.032000,-1.1994
0.032125,-0.3256
0.032250,0.0058
0.032375,-0.5422
0.032500,-1.7238
0.032625,0.3305
0.032750,-2.5747
0.032875,0.4219
0.033000,0.9298
0.033125,-0.0466
0.033250,0.6177
0.033375,-0.8859
0.033500,-1.5299
0.033625,-1.9594
0.033750,0.5451
0.033875,-0.2838
0.034000,-1.3296
0.034125,-2.3147
0.034250,-1.5292
0.034375,-1.4092
0.034500,-1.5246
0.034625,-1.7493
0.034750,-1.9817
0.034875,-1.5216
0.035000,-0.9205
0.035125,-0.3432
0.035250,-0.1008
0.035375,-0.3716
0.035500,0.7906
0.035625,0.3517
0.035750,1.3136
0.035875,0.1396
0.036000,2.5200
0.036125,2.3951
0.036250,3.4986
0.036375,1.2563
0.036500,1.2349
0.036625,0.9667
0.036750,1.6780
0.036875,1.0089
0.037000,3.1471
0.037125,1.5784
0.037250,-0.0026
0.037375,0.4235
0.037500,1.0484
0.037625,0.3429
0.037750,1.1544
0.037875,0.8623
0.038000,0.0530
0.038125,0.9800
0.038250,0.4194
0.038375,-0.1305
0.038500,0.5566
0.038625,-0.0627
0.038750,-0.4562
0.038875,1.0878
0.039000,0.9193
0.039125,-0.6677
0.039250,-0.6822
0.039375,-1.4620
0.039500,0.4353
0.039625,-0.4806
0.039750,-1.0815
0.039875,-0.7550
0.040000,-0.6871
0.040125,-0.1314
0.040250,0.1451
0.040375,0.4728
0.040500,-1.1620
0.040625,0.5798
0.040750,0.4620
0.040875,-0.7756
0.041000,0.1141
0.041125,-1.2140
0.041250,0.1784
0.041375,-0.8224
0.041500,-1.5433
0.041625,-0.1107
0.041750,0.5346
0.041875,-1.0133
0.042000,-0.6480
0.042125,0.0697
0.042250,-0.3567
0.042375,-0.5284
0.042500,-2.5343
0.042625,-2.3972
0.042750,-0.6460
0.042875,-0.4677
0.043000,-0.7162
0.043125,-1.7841
0.043250,-1.3639
0.043375,-0.0466
0.043500,-2.1345
0.043625,-0.3121
0.043750,-1.5339
0.043875,-2.4004
0.044000,-0.2790
0.044125,-0.9799
0.044250,-0.6192
0.044375,0.7743
0.044500,-0.8078
0.044625,0.0031
0.044750,0.2927
0.044875,0.8038
0.045000,1.0340
0.045125,0.7984
0.045250,2.2125
0.045375,1.7229
0.045500,0.7322
0.045625,0.8390
0.045750,2.9856
0.045875,0.9590
0.046000,0.9710
0.046125,0.6415
0.046250,1.0177
0.046375,1.0521
0.046500,0.4062
0.046625,1.0226
0.046750,1.7723
0.046875,0.8626
0.047000,0.0514
0.047125,0.9852
0.047250,0.9206
0.047375,0.2783
0.047500,0.3976
0.047625,0.3793
0.047750,1.5169
0.047875,0.4129
0.048000,0.7638
0.048125,-0.7012
0.048250,-0.8243
0.048375,0.1010
0.048500,0.9491
0.048625,0.1718
0.048750,-0.9079
0.048875,0.8685
0.049000,0.7914
0.049125,-0.6091
0.049250,-0.5867
0.049375,1.0403
0.049500,1.5419
0.049625,-0.0280
0.049750,-0.2299
0.049875,-0.9397
0.050000,0.8181
0.050125,-1.3535
0.050250,0.2303
0.050375,1.9142
0.050500,0.6940
0.050625,0.9187
0.050750,0.4756
0.050875,-1.3003
0.051000,0.7608
0.051125,0.0976
0.051250,0.1492
0.051375,0.0318
0.051500,-1.9915
0.051625,-0.4958
0.051750,0.0031
0.051875,-0.0218
0.052000,-1.0845
0.052125,-1.9146
0.052250,-1.4246
0.052375,-0.3017
0.052500,-1.4967
0.052625,-0.8089
0.052750,-2.6258
0.052875,-1.2159
0.053000,-1.7310
0.053125,-1.2968
0.053250,-2.3705
0.053375,-1.3952
0.053500,-0.8633
0.053625,-1.0412
0.053750,0.0600
0.053875,0.9088
0.054000,-0.0033
0.054125,0.3324
0.054250,1.2964
0.054375,1.1568
0.054500,1.9789
0.054625,-0.1596
0.054750,2.1590
0.054875,1.8497
0.055000,1.6346
0.055125,2.2405
0.055250,2.2251
0.055375,-0.1051
0.055500,1.5400
0.055625,-0.2707
0.055750,-0.0715
0.055875,0.1622
0.056000,0.2834
0.056125,0.8285
0.056250,2.6580
0.056375,2.1275
0.056500,1.9922
0.056625,-0.0129
0.056750,-0.7003
0.056875,-0.1198
0.057000,-0.3844
0.057125,0.1536
0.057250,1.4829
0.057375,-0.6095
0.057500,1.1898
0.057625,0.2106
0.057750,0.2072
0.057875,-1.1478
0.058000,0.1516
0.058125,-1.0490
0.058250,-2.3616
0.058375,0.4670
0.058500,0.3698
0.058625,-2.1979
0.058750,0.4737
0.058875,0.0264
0.059000,-0.2628
0.059125,-0.2925
0.059250,0.0337
0.059375,-0.7542
0.059500,-1.3647
0.059625,-0.2464
0.059750,-0.2349
0.059875,-1.2567
0.060000,-1.0180
0.060125,-1.0134
0.060250,1.4274
0.060375,-0.1807
0.060500,-0.3159
0.060625,-0.4729
0.060750,-1.7536
0.060875,0.0546
0.061000,-0.6730
0.061125,0.8652
0.061250,0.9034
0.061375,-0.2157
0.061500,-2.3765
0.061625,-0.6684
0.061750,-1.1839
0.061875,-2.0773
0.062000,-2.1736
0.062125,-1.9038
0.062250,-0.5679
0.062375,-3.5474
0.062500,-0.6113
0.062625,-1.5483
0.062750,-0.5990
0.062875,-1.0889
0.063000,-0.5477
0.063125,-0.4278
0.063250,0.1024
0.063375,1.1758
0.063500,1.6521
0.063625,0.5859
0.063750,1.6219
0.063875,3.4636
0.064000,1.4364
0.064125,0.3280
0.064250,2.0246
0.064375,0.8147
0.064500,1.6194
0.064625,2.3575
0.064750,2.0814
0.064875,1.5385
0.065000,1.5443
0.065125,1.2455
0.065250,0.5749
0.065375,1.6310
0.065500,0.2795
0.065625,0.5293
0.065750,1.7471
0.065875,-0.2080
0.066000,1.1893
0.066125,0.4216
0.066250,2.5873
0.066375,-0.9934
0.066500,0.9222
0.066625,0.6732
0.066750,-0.9948
0.066875,0.5305
0.067000,-1.3455
0.067125,-1.0244
0.067250,0.0006
0.067375,-1.1101
0.067500,-0.8265
0.067625,-0.6070
0.067750,-0.1031
0.067875,-1.4980
0.068000,-0.2235
0.068125,0.9733
0.068250,-0.4972
0.068375,-1.0790
0.068500,-1.2547
0.068625,-0.4570
0.068750,0.9552
0.068875,0.6697
0.069000,-0.0896
0.069125,0.5932
0.069250,-0.0580
0.069375,-0.4460
0.069500,0.5818
0.069625,-1.7258
0.069750,-0.8340
0.069875,-1.3428
0.070000,0.2024
0.070125,-0.8690
0.070250,-0.9357
0.070375,-1.6919
0.070500,-2.1809
0.070625,-0.9047
0.070750,-0.3580
0.070875,-2.0802
0.071000,-0.0833
0.071125,-0.9209
0.071250,-0.4069
0.071375,-1.6275
0.071500,-0.2505
0.071625,-2.6731
0.071750,-0.9213
0.071875,-0.4176
0.072000,0.4328
0.072125,-0.4271
0.072250,0.5659
0.072375,-0.4224
0.072500,1.6614
0.072625,-0.5295
0.072750,1.9123
0.072875,0.3961
0.073000,1.3201
0.073125,0.8814
0.073250,1.8868
0.073375,0.5046
0.073500,1.5003
0.073625,1.0842
0.073750,0.4611
0.073875,0.0221
0.074000,1.5552
0.074125,0.2351
0.074250,0.4231
0.074375,0.5265
0.074500,-0.2115
0.074625,-0.2632
0.074750,0.2800
0.074875,1.5706
0.075000,-0.0032
0.075125,-1.3455
0.075250,1.1391
0.075375,0.3745
0.075500,0.9895
0.075625,0.9017
0.075750,-0.3292
0.075875,-0.0542
0.076000,0.4131
0.076125,0.8544
0.076250,0.3817
0.076375,1.4198
0.076500,-0.6540
0.076625,-0.0958
0.076750,-0.2020
0.076875,1.9262
0.077000,1.1389
0.077125,0.1595
0.077250,-1.3536
0.077375,-0.1842
0.077500,-0.7658
0.077625,0.2907
0.077750,-0.7316
0.077875,-0.0625
0.078000,-0.2035
0.078125,-1.0563
0.078250,-1.9043
0.078375,0.4319
0.078500,-0.4851
0.078625,0.1246
0.078750,-0.6403
0.078875,0.3082
0.079000,-0.0697
0.079125,-0.6231
0.079250,-1.1621
0.079375,-0.6473
0.079500,-0.8619
0.079625,-1.1501
0.079750,-1.1974
0.079875,0.0359
0.080000,-0.7065
0.080125,-1.5147
0.080250,-2.1550
0.080375,-1.3712
0.080500,-0.2408
0.080625,-1.1377
0.080750,-1.5583
0.080875,-0.9840
0.081000,-0.7974
0.081125,-1.0692
0.081250,-0.3421
0.081375,-0.1790
0.081500,-0.7028
0.081625,1.0393
0.081750,1.4148
0.081875,0.3686
0.082000,0.7255
0.082125,1.7905
0.082250,2.7165
0.082375,2.0012
0.082500,0.9256
0.082625,1.3029
0.082750,1.0063
0.082875,0.5447
0.083000,-0.4220
0.083125,1.9069
0.083250,-0.6946
0.083375,0.2027
0.083500,0.4486
0.083625,2.7675
0.083750,2.2438
0.083875,0.9234
0.084000,0.5411
0.084125,0.6537
0.084250,0.3037
0.084375,1.3689
0.084500,0.3230
0.084625,1.1791
0.084750,0.7778
0.084875,0.0915
0.085000,1.0547
0.085125,0.3183
0.085250,0.4400
0.085375,-1.3012
0.085500,0.6315
0.085625,-0.0418
0.085750,-0.3221
0.085875,0.2628
0.086000,0.3876
0.086125,-0.9440
0.086250,-0.7569
0.086375,-0.9457
0.086500,-0.6039
0.086625,-0.4267
0.086750,0.7925
0.086875,0.4803
0.087000,0.0196
0.087125,-0.7738
0.087250,-1.4560
0.087375,-0.2579
0.087500,-0.1629
0.087625,0.3695
0.087750,-1.0144
0.087875,-0.0186
0.088000,-0.4510
0.088125,-0.8175
0.088250,-1.1903
0.088375,-1.2236
0.088500,-1.0033
0.088625,-0.2447
0.088750,0.0541
0.088875,-0.2120
0.089000,-1.5659
0.089125,-0.9539
0.089250,-1.2548
0.089375,0.8144
0.089500,-1.2342
0.089625,-1.7170
0.089750,-0.7642
0.089875,-0.9557
0.090000,-2.0772
0.090125,-1.3114
0.090250,-1.5100
0.090375,-1.9686
0.090500,-1.8251
0.090625,-1.1501
0.090750,0.2350
0.090875,0.3461
0.091000,-0.5044
0.091125,1.3145
0.091250,1.1251
0.091375,0.5799
0.091500,1.1863
0.091625,1.2127
0.091750,0.3168
0.091875,0.6906
0.092000,-0.4235
0.092125,2.0410
0.092250,0.6572
0.092375,1.3570
0.092500,-0.0814
0.092625,1.1506
0.092750,-0.4533
0.092875,0.5073
0.093000,0.9256
0.093125,-0.6797
0.093250,1.6983
0.093375,0.1941
0.093500,0.3464
0.093625,1.7949
0.093750,0.2286
0.093875,-0.1953
0.094000,-0.5910
0.094125,-0.1230
0.094250,1.9519
0.094375,0.4371
0.094500,0.1876
0.094625,-0.2354
0.094750,-0.4675
0.094875,-0.2726
0.095000,-0.3387
0.095125,-0.2773
0.095250,-0.3116
0.095375,-0.0724
0.095500,-0.4467
0.095625,-1.0666
0.095750,0.2589
0.095875,0.8247
0.096000,-1.4271
0.096125,-0.0951
0.096250,-0.5229
0.096375,1.7671
0.096500,-0.3779
0.096625,-1.0253
0.096750,0.6703
0.096875,0.4436
0.097000,0.7233
0.097125,-0.2433
0.097250,-1.8178
0.097375,-0.6577
0.097500,-1.4997
0.097625,-0.3804
0.097750,-0.5767
0.097875,0.6495
0.098000,-0.3743
0.098125,-0.9021
0.098250,-0.1207
0.098375,-0.6693
0.098500,0.9035
0.098625,-0.7654
0.098750,0.2935
0.098875,-1.0940
0.099000,0.3401
0.099125,-2.3016
0.099250,-0.0685
0.099375,0.4565
0.099500,-1.9613
0.099625,-0.6737
0.099750,-1.2448
0.099875,-1.6110
0.100000,-0.3379
0.100125,1.3475
0.100250,0.9102
0.100375,1.4080
0.100500,0.0645
0.100625,2.0641
0.100750,1.8592
0.100875,0.5352
0.101000,1.4055
0.101125,1.4389
0.101250,1.7409
0.101375,0.8778
0.101500,1.5275
0.101625,0.9905
0.101750,1.4977
0.101875,1.6363
0.102000,0.7590
0.102125,0.2886
0.102250,0.4558
0.102375,0.5312
0.102500,1.3060
0.102625,0.8827
0.102750,-0.8154
0.102875,1.0029
0.103000,0.3173
0.103125,1.5007
0.103250,0.0308
0.103375,-1.7518
0.103500,-1.3393
0.103625,0.5081
0.103750,0.7901
0.103875,-0.1858
0.104000,-0.9280
0.104125,-0.1557
0.104250,-0.5116
0.104375,-1.0081
0.104500,-0.6844
0.104625,0.7816
0.104750,-0.3592
0.104875,-0.7815
0.105000,-0.1685
0.105125,-1.2537
0.105250,-0.4586
0.105375,-1.1908
0.105500,-1.3582
0.105625,0.1078
0.105750,0.0481
0.105875,0.3163
0.106000,-1.6878
0.106125,0.5334
0.106250,-1.9125
0.106375,0.6903
0.106500,-0.4040
0.106625,-0.3653
0.106750,-2.2802
0.106875,-1.5191
0.107000,-0.4003
0.107125,-0.6683
0.107250,-1.4160
0.107375,-1.3420
0.107500,-1.3394
0.107625,-1.9595
0.107750,-0.5914
0.107875,-1.2179
0.108000,-1.5311
0.108125,-0.6725
0.108250,-2.0419
0.108375,-0.8920
0.108500,-0.5589
0.108625,-0.3439
0.108750,-0.0930
0.108875,-0.0821
0.109000,-1.0699
0.109125,1.0222
0.109250,0.5436
0.109375,-0.6683
0.109500,-0.4124
0.109625,0.6350
0.109750,0.9328
0.109875,0.3416
0.110000,0.1786
0.110125,0.6422
0.110250,0.0722
0.110375,0.8399
0.110500,1.8311
0.110625,0.6118
0.110750,0.3460
0.110875,1.0742
0.111000,0.5517
0.111125,1.0820
0.111250,1.8713
0.111375,-1.2555
0.111500,-0.9704
0.111625,1.0366
0.111750,-0.0081
0.111875,0.9726
0.112000,-1.4240
0.112125,0.0480
0.112250,1.4769
0.112375,1.1711
0.112500,0.5075
0.112625,-0.9267
0.112750,0.2136
0.112875,0.3476
0.113000,0.2883
0.113125,0.6338
0.113250,0.8372
0.113375,0.7960
0.113500,0.2547
0.113625,2.1385
0.113750,-0.4890
0.113875,-0.1849
0.114000,-0.5969
0.114125,-0.1141
0.114250,-0.9780
0.114375,-0.6089
0.114500,0.2120
0.114625,0.4859
0.114750,-1.4211
0.114875,-0.3582
0.115000,-1.4722
0.115125,0.3898
0.115250,0.7731
0.115375,-0.6026
0.115500,-1.2741
0.115625,-0.5869
0.115750,0.9648
0.115875,-0.2608
0.116000,-0.8076
0.116125,-0.0508
0.116250,-0.3060
0.116375,0.9052
0.116500,-1.0297
0.116625,-1.0292
0.116750,0.0942
0.116875,-1.2070
0.117000,-0.6798
0.117125,-2.1777
0.117250,-1.3279
0.117375,-0.5183
0.117500,-1.5311
0.117625,-1.4528
0.117750,-1.3072
0.117875,-1.1004
0.118000,-1.2648
0.118125,0.0378
0.118250,-0.0927
0.118375,-0.8679
0.118500,1.8778
0.118625,0.0921
0.118750,0.5367
0.118875,1.2981
0.119000,0.2324
0.119125,2.5136
0.119250,2.5166
0.119375,2.5904
0.119500,0.2361
0.119625,0.7896
0.119750,1.2836
0.119875,0.0664
0.120000,1.2378
0.120125,-0.1632
0.120250,0.5755
0.120375,1.3306
0.120500,0.0157
0.120625,0.2864
0.120750,1.3701
0.120875,1.0682
0.121000,0.7286
0.121125,0.3639
0.121250,0.1812
0.121375,1.5785
0.121500,0.8218
0.121625,-0.9300
0.121750,1.7409
0.121875,0.7238
0.122000,0.2122
0.122125,1.6837
0.122250,-1.7481
0.122375,0.0877
0.122500,-0.6010
0.122625,-0.8797
0.122750,0.8481
0.122875,0.2069
0.123000,0.1914
0.123125,-0.2371
0.123250,-0.5197
0.123375,-1.2379
0.123500,-0.0663
0.123625,-0.4387
0.123750,-0.4754
0.123875,0.5026
0.124000,0.2664
0.124125,-0.9019
0.124250,-1.0168
0.124375,-0.0321
0.124500,-0.6143
0.124625,-1.1794
0.124750,-0.7211
0.124875,-0.8209
0.125000,-0.6770
0.125125,-1.4279
0.125250,-1.0722
0.125375,-0.0906
0.125500,-0.5490
0.125625,-0.7639
0.125750,-0.3085
0.125875,-0.0952
0.126000,-0.6157
0.126125,-1.5801
0.126250,0.0267
0.126375,-0.0131
0.126500,-1.0265
0.126625,-1.7359
0.126750,-0.5415
0.126875,-1.6525
0.127000,-0.4739
0.127125,-2.3294
0.127250,-0.3950
0.127375,0.1855
0.127500,-1.0171
0.127625,0.1647
0.127750,0.7302
0.127875,0.4369
0.128000,1.7655
0.128125,-0.0240
0.128250,0.8999
0.128375,1.1849
0.128500,1.2384
0.128625,1.3724
0.128750,0.4983
0.128875,2.0390
0.129000,1.2233
0.129125,0.1019
0.129250,0.9418
0.129375,0.4736
0.129500,0.3041
0.129625,0.9504
0.129750,2.6476
0.129875,-1.4882
0.130000,-0.7523
0.130125,0.8989
0.130250,0.6109
0.130375,0.0320
0.130500,-0.2275
0.130625,1.7136
0.130750,1.1389
0.130875,1.0253
0.131000,0.6747
0.131125,0.0599
0.131250,0.2816
0.131375,-1.0859
0.131500,-0.0566
0.131625,-1.3160
0.131750,-0.2007
0.131875,-0.8525
0.132000,-0.0049
0.132125,-0.0945
0.132250,0.8268
0.132375,0.9375
0.132500,-0.7043
0.132625,0.0278
0.132750,0.9057
0.132875,0.8493
0.133000,0.4167
0.133125,0.5702
0.133250,0.2822
0.133375,0.7959
0.133500,-0.4528
0.133625,-0.7078
0.133750,1.0317
0.133875,-0.2304
0.134000,-0.5253
0.134125,-0.0593
0.134250,-0.8138
0.134375,-0.8502
0.134500,-2.5698
0.134625,-2.1229
0.134750,0.6393
0.134875,-0.4812
0.135000,-0.4841
0.135125,-0.3894
0.135250,-0.3626
0.135375,-2.0468
0.135500,-1.3916
0.135625,-0.1259
0.135750,-2.6875
0.135875,-1.2869
0.136000,-0.5104
0.136125,-0.1905
0.136250,-0.0523
0.136375,0.0359
0.136500,-3.0525
0.136625,0.3970
0.136750,0.3523
0.136875,-0.4834
0.137000,0.7752
0.137125,0.7775
0.137250,1.5115
0.137375,1.0440
0.137500,1.3747
0.137625,1.0428
0.137750,0.3398
0.137875,1.8894
0.138000,2.1137
0.138125,0.9748
0.138250,0.8140
0.138375,1.1014
0.138500,0.4875
0.138625,0.1400
0.138750,0.4973
0.138875,0.4268
0.139000,-0.7152
0.139125,1.1463
0.139250,0.9587
0.139375,1.3204
0.139500,0.5574
0.139625,1.5789
0.139750,0.4416
0.139875,0.4508
0.140000,0.6026
0.140125,0.3079
0.140250,-0.2733
0.140375,-0.7075
0.140500,-1.5961
0.140625,-0.4167
0.140750,0.7960
0.140875,-0.2543
0.141000,1.4845
0.141125,1.0903
0.141250,0.0505
0.141375,-0.4365
0.141500,-0.5264
0.141625,0.3632
0.141750,-0.3236
0.141875,0.0089
0.142000,0.5905
0.142125,0.1804
0.142250,0.4343
0.142375,-0.1108
0.142500,1.4713
0.142625,0.0106
0.142750,-1.5047
0.142875,-0.3733
0.143000,-0.4603
0.143125,-0.3992
0.143250,-0.3427
0.143375,0.3778
0.143500,-0.5404
0.143625,-0.1554
0.143750,-0.5650
0.143875,-0.7829
0.144000,-1.0177
0.144125,-1.2399
0.144250,-1.7412
0.144375,-1.4851
0.144500,-1.6709
0.144625,-2.5297
0.144750,-1.3347
0.144875,-1.4263
0.145000,-2.2939
0.145125,-0.7918
0.145250,-0.7703
0.145375,-0.2500
0.145500,0.0285
0.145625,0.4045
0.145750,-1.2923
0.145875,-0.3023
0.146000,0.1745
0.146125,0.1622
0.146250,0.8649
0.146375,1.5269
0.146500,0.1801
0.146625,0.6014
0.146750,1.9421
0.146875,1.4102
0.147000,0.5257
0.147125,1.0496
0.147250,1.2241
0.147375,1.2254
0.147500,0.3862
0.147625,1.4282
0.147750,0.0673
0.147875,0.8611
0.148000,1.1008
0.148125,2.4162
0.148250,0.4939
0.148375,-0.2055
0.148500,-0.7004
0.148625,0.0372
0.148750,-0.3494
0.148875,0.2014
0.149000,1.7516
0.149125,-0.3635
0.149250,-0.2759
0.149375,1.2883
0.149500,-0.0352
0.149625,-0.0212
0.149750,-0.3646
0.149875,0.9260
0.150000,-0.7820
0.150125,-1.7645
0.150250,0.8408
0.150375,0.5586
0.150500,-2.0608
0.150625,-0.2127
0.150750,-0.3435
0.150875,-0.4533
0.151000,1.1304
0.151125,1.0971
0.151250,0.7329
0.151375,-0.3793
0.151500,0.4063
0.151625,0.5398
0.151750,0.1464
0.151875,-0.1562
0.152000,0.6455
0.152125,-0.2354
0.152250,-0.0361
0.152375,-0.3902
0.152500,0.0724
0.152625,-0.1335
0.152750,-1.2080
0.152875,-0.7040
0.153000,-2.1462
0.153125,-1.0086
0.153250,-0.2778
0.153375,0.3860
0.153500,-0.9855
0.153625,0.5885
0.153750,-0.8877
0.153875,-0.6891
0.154000,-0.2488
0.154125,-2.4934
0.154250,-0.0826
0.154375,-3.0302
0.154500,-1.1019
0.154625,-0.7716
0.154750,-2.3845
0.154875,-0.6061
0.155000,-1.5044
0.155125,-0.6752
0.155250,0.2616
0.155375,-0.7591
0.155500,0.4909
0.155625,1.5594
0.155750,1.1907
0.155875,0.5321
0.156000,0.1227
0.156125,0.2621
0.156250,1.3265
0.156375,-0.4302
0.156500,-0.0056
0.156625,0.7845
0.156750,0.9681
0.156875,-0.1978
0.157000,0.6593
0.157125,0.8536
0.157250,0.3975
0.157375,1.3442
0.157500,0.3802
0.157625,-0.4807
0.157750,0.1827
0.157875,-0.3689
0.158000,-0.0329
0.158125,0.3698
0.158250,0.4471
0.158375,-0.1150
0.158500,-0.3692
0.158625,-0.7770
0.158750,-0.4662
0.158875,0.1027
0.159000,1.6399
0.159125,1.5978
0.159250,-0.9465
0.159375,-0.4109
0.159500,0.6130
0.159625,0.7617
0.159750,1.0232
0.159875,-0.0536
0.160000,0.3875
0.160125,-1.1998
0.160250,1.4067
0.160375,-1.0043
0.160500,0.6560
0.160625,0.3513
0.160750,-1.1490
0.160875,-0.3279
0.161000,-0.1139
0.161125,-0.1235
0.161250,1.9078
0.161375,0.1560
0.161500,-0.9401
0.161625,-2.1856
0.161750,-1.4185
0.161875,-0.3175
0.162000,-1.4657
0.162125,-0.9079
0.162250,-0.4872
0.162375,-0.5215
0.162500,-0.7497
0.162625,-0.5704
0.162750,-1.9359
0.162875,-1.0958
0.163000,-0.8037
0.163125,-0.8035
0.163250,-0.4736
0.163375,-1.2264
0.163500,-1.9552
0.163625,-1.6569
0.163750,-0.9424
0.163875,-1.1617
0.164000,-1.2418
0.164125,-0.7312
0.164250,-1.7605
0.164375,0.3396
0.164500,0.4646
0.164625,0.8331
0.164750,1.0642
0.164875,0.3018
0.165000,1.3526
0.165125,1.4293
0.165250,0.1485
0.165375,2.1189
0.165500,2.0045
0.165625,0.4062
0.165750,0.7968
0.165875,1.0278
0.166000,1.9486
0.166125,-0.1889
0.166250,0.8560
0.166375,1.2495
0.166500,-0.0291
0.166625,0.1972
0.166750,-0.3411
0.166875,-0.9596
0.167000,-0.1593
0.167125,0.7791
0.167250,-0.1595
0.167375,-0.1300
0.167500,-1.7985
0.167625,1.4549
0.167750,-1.4209
0.167875,1.5332
0.168000,-0.2743
0.168125,-0.7616
0.168250,0.6658
0.168375,-0.3505
0.168500,1.6559
0.168625,-0.1019
0.168750,-0.8865
0.168875,-0.1435
0.169000,-1.8110
0.169125,0.3018
0.169250,-0.3925
0.169375,0.1079
0.169500,0.3419
0.169625,1.0654
0.169750,-1.2076
0.169875,-0.4764
0.170000,-0.3165
0.170125,1.0149
0.170250,-0.4855
0.170375,0.5482
0.170500,-0.3466
0.170625,0.1127
0.170750,0.1485
0.170875,0.1972
0.171000,-0.5091
0.171125,-1.4929
0.171250,-0.8207
0.171375,-0.0755
0.171500,-1.6677
0.171625,-0.8720
0.171750,-1.0060
0.171875,-1.6504
0.172000,-1.8378
0.172125,-1.6244
0.172250,1.2837
0.172375,-0.7585
0.172500,0.3632
0.172625,-0.1398
0.172750,-2.2802
0.172875,-0.1717
0.173000,-0.5231
0.173125,-1.6521
0.173250,-1.9812
0.173375,-0.2620
0.173500,-1.0611
0.173625,0.7104
0.173750,0.0878
0.173875,0.1676
0.174000,-0.1108
0.174125,1.7782
0.174250,0.6468
0.174375,-0.2512
0.174500,2.0174
0.174625,0.9654
0.174750,1.5696
0.174875,2.4112
0.175000,0.6413
0.175125,0.0545
0.175250,1.0665
0.175375,1.7237
0.175500,-0.3378
0.175625,-0.1438
0.175750,0.1495
0.175875,-1.1584
0.176000,2.0145
0.176125,0.2673
0.176250,-0.0921
0.176375,-0.1271
0.176500,1.0312
0.176625,0.0896
0.176750,-0.2811
0.176875,-0.3084
0.177000,0.6714
0.177125,-0.5315
0.177250,-0.2964
0.177375,0.5176
0.177500,1.3467
0.177625,-0.6998
0.177750,-0.2401
0.177875,0.3645
0.178000,-0.9429
0.178125,-0.6937
0.178250,-0.3745
0.178375,-0.0817
0.178500,0.0339
0.178625,-0.4024
0.178750,0.5991
0.178875,-0.6962
0.179000,0.8922
0.179125,-1.2768
0.179250,0.3653
0.179375,-0.6221
0.179500,0.3913
0.179625,-1.3563
0.179750,-0.3864
0.179875,-1.2504
0.180000,-1.9988
0.180125,-0.4143
0.180250,0.4869
0.180375,-1.3975
0.180500,-1.8944
0.180625,-0.0177
0.180750,-0.1960
0.180875,-0.7100
0.181000,-1.0515
0.181125,-0.4945
0.181250,-0.9611
0.181375,-0.9009
0.181500,-0.9967
0.181625,-0.8770
0.181750,-1.3821
0.181875,-1.2956
0.182000,-0.8521
0.182125,-1.5500
0.182250,-0.8809
0.182375,0.1545
0.182500,-2.6355
0.182625,0.0816
0.182750,0.1429
0.182875,0.4314
0.183000,-0.2477
0.183125,0.2682
0.183250,0.1616
0.183375,2.9475
0.183500,-0.9787
0.183625,1.5449
0.183750,0.8458
0.183875,0.6411
0.184000,1.7723
0.184125,0.8949
0.184250,1.7478
0.184375,2.1194
0.184500,-0.5820
0.184625,0.3209
0.184750,1.1374
0.184875,-0.1137
0.185000,1.3392
0.185125,0.3565
0.185250,-0.8754
0.185375,0.1945
0.185500,-0.7216
0.185625,1.6326
0.185750,1.1453
0.185875,0.7667
0.186000,-1.3542
0.186125,1.4503
0.186250,0.9374
0.186375,2.1452
0.186500,-0.8452
0.186625,0.2374
0.186750,0.0287
0.186875,-0.7464
0.187000,-0.4122
0.187125,-0.2874
0.187250,0.1491
0.187375,1.4645
0.187500,-0.2529
0.187625,-0.8922
0.187750,-0.3170
0.187875,-0.2276
0.188000,0.1767
0.188125,-0.8605
0.188250,0.3271
0.188375,-0.6579
0.188500,0.6381
0.188625,-0.5800
0.188750,-1.1410
0.188875,0.0706
0.189000,0.1780
0.189125,1.0774
0.189250,-0.0378
0.189375,-1.2529
0.189500,-0.6913
0.189625,-0.0016
0.189750,-0.6115
0.189875,0.8126
0.190000,-0.9221
0.190125,-0.4721
0.190250,-1.0853
0.190375,-1.0466
0.190500,-1.3580
0.190625,-0.3493
0.190750,-2.0364
0.190875,-0.0395
0.191000,-1.6365
0.191125,-1.3972
0.191250,-0.6346
0.191375,-1.2816
0.191500,-1.3416
0.191625,-2.1840
0.191750,-1.3863
0.191875,-1.4406
0.192000,1.0550
0.192125,-1.2936
0.192250,-0.0302
0.192375,1.1049
0.192500,0.2257
0.192625,0.9897
0.192750,0.0318
0.192875,1.5754
0.193000,1.0222
0.193125,1.8081
0.193250,0.4727
0.193375,0.9519
0.193500,0.7311
0.193625,0.9278
0.193750,1.1405
0.193875,0.4210
0.194000,-0.5494
0.194125,-0.3313
0.194250,-0.3250
0.194375,-1.1691
0.194500,0.4359
0.194625,-0.0267
0.194750,0.9400
0.194875,0.5214
0.195000,1.1455
0.195125,0.0905
0.195250,0.9583
0.195375,-0.6908
0.195500,0.2092
0.195625,-2.4880
0.195750,1.2904
0.195875,-0.4468
0.196000,0.7611
0.196125,1.0952
0.196250,0.4107
0.196375,0.9340
0.196500,-0.6740
0.196625,1.2190
0.196750,0.8871
0.196875,-0.4664
0.197000,0.3589
0.197125,2.1367
0.197250,0.1209
0.197375,-0.5557
0.197500,-0.2010
0.197625,0.8703
0.197750,0.3037
0.197875,-0.8011
0.198000,0.2220
0.198125,1.8138
0.198250,-1.7562
0.198375,-1.1516
0.198500,-0.7033
0.198625,-0.1346
0.198750,-0.6492
0.198875,-1.1666
0.199000,-0.8253
0.199125,-0.9203
0.199250,0.7476
0.199375,-0.2252
0.199500,-2.3777
0.199625,-2.0644
0.199750,-0.8213
0.199875,0.1695
0.200000,-1.1146
0.200125,-2.6070
0.200250,-1.7618
0.200375,0.0089
0.200500,-2.9385
0.200625,-2.0049
0.200750,-1.2290
0.200875,-1.2268
0.201000,-0.9243
0.201125,0.0637
0.201250,-2.3677
0.201375,0.8631
0.201500,1.6615
0.201625,-0.6159
0.201750,0.7455
0.201875,0.9917
0.202000,2.1304
0.202125,0.4490
0.202250,1.6639
0.202375,0.1711
0.202500,1.7975
0.202625,1.3380
0.202750,0.4057
0.202875,0.4998
0.203000,0.3386
0.203125,0.3431
0.203250,0.8327
0.203375,2.1516
0.203500,0.6052
0.203625,0.6510
0.203750,0.3334
0.203875,0.9356
0.204000,0.4312
0.204125,0.8351
0.204250,0.4759
0.204375,-0.1237
0.204500,0.2065
0.204625,0.5432
0.204750,-0.3501
0.204875,0.1264
0.205000,0.4346
0.205125,1.0555
0.205250,0.5676
0.205375,0.5616
0.205500,0.6304
0.205625,-0.8741
0.205750,0.5064
0.205875,-0.2340
0.206000,-1.2753
0.206125,0.0341
0.206250,-0.5597
0.206375,-1.3238
0.206500,-1.3639
0.206625,-0.2071
0.206750,-0.7224
0.206875,-0.8166
0.207000,0.5082
0.207125,-0.2033
0.207250,0.5128
0.207375,-1.5276
0.207500,1.4632
0.207625,-0.7071
0.207750,-2.2692
0.207875,-0.8823
0.208000,-0.4276
0.208125,-0.7677
0.208250,0.8587
0.208375,-2.1080
0.208500,-1.2130
0.208625,-2.8522
0.208750,-0.2336
0.208875,0.3606
0.209000,-1.7622
0.209125,-0.8808
0.209250,-1.1318
0.209375,-0.6570
0.209500,-1.4055
0.209625,-1.8572
0.209750,-0.2123
0.209875,-1.0129
0.210000,-0.7288
0.210125,-0.5603
0.210250,-0.1219
0.210375,0.5409
0.210500,-0.7419
0.210625,0.3023
0.210750,-0.3183
0.210875,0.8949
0.211000,1.4735
0.211125,2.7215
0.211250,1.0435
0.211375,1.7219
0.211500,1.4053
0.211625,1.1075
0.211750,1.0584
0.211875,0.4950
0.212000,1.3463
0.212125,0.5657
0.212250,1.5924
0.212375,0.8185
0.212500,0.0692
0.212625,0.2828
0.212750,-0.1956
0.212875,0.6831
0.213000,-0.3058
0.213125,-0.0589
0.213250,0.9442
0.213375,0.0688
0.213500,-0.8836
0.213625,0.3877
0.213750,0.1222
0.213875,0.4920
0.214000,0.4825
0.214125,0.7540
0.214250,0.3915
0.214375,-0.5608
0.214500,1.2051
0.214625,1.3785
0.214750,-0.3053
0.214875,-0.1580
0.215000,0.2390
0.215125,-0.3757
0.215250,0.5177
0.215375,0.9216
0.215500,-0.4368
0.215625,0.6281
0.215750,-0.1610
0.215875,0.3071
0.216000,0.0587
0.216125,-1.3542
0.216250,0.3833
0.216375,-0.2850
0.216500,0.2616
0.216625,-0.2815
0.216750,-0.8549
0.216875,-0.5361
0.217000,-0.0486
0.217125,-1.2628
0.217250,-0.7917
0.217375,-0.6678
0.217500,-1.0218
0.217625,-0.2708
0.217750,0.0360
0.217875,-1.3394
0.218000,-1.6133
0.218125,-0.3292
0.218250,-0.8188
0.218375,-0.3143
0.218500,0.5124
0.218625,-0.4519
0.218750,-2.8704
0.218875,-1.1376
0.219000,-1.1594
0.219125,-1.8780
0.219250,-0.6853
0.219375,-0.8731
0.219500,0.9725
0.219625,0.9011
0.219750,-0.7595
0.219875,-0.5619
0.220000,-1.6517
0.220125,0.1122
0.220250,0.5482
0.220375,0.2987
0.220500,1.1183
0.220625,0.6397
0.220750,0.5055
0.220875,1.1854
0.221000,0.0451
0.221125,0.2473
0.221250,1.3104
0.221375,1.1067
0.221500,0.2444
0.221625,-0.0490
0.221750,1.0927
0.221875,1.0505
0.222000,1.2776
0.222125,0.2730
0.222250,-0.5350
0.222375,2.1290
0.222500,1.0748
0.222625,1.8031
0.222750,-1.2761
0.222875,0.2194
0.223000,0.0025
0.223125,0.2253
0.223250,-0.1430
0.223375,-0.4142
0.223500,0.0672
0.223625,-0.6228
0.223750,-0.8149
0.223875,0.6220
0.224000,0.1166
0.224125,-0.3827
0.224250,-0.7936
0.224375,0.2915
0.224500,-0.5271
0.224625,-1.0975
0.224750,1.0322
0.224875,0.1097
0.225000,-0.5543
0.225125,-0.5071
0.225250,0.1106
0.225375,0.7396
0.225500,-0.1677
0.225625,-1.6150
0.225750,-1.0404
0.225875,-0.0446
0.226000,-1.0623
0.226125,0.2241
0.226250,1.3260
0.226375,0.3193
0.226500,-0.5333
0.226625,0.9191
0.226750,-1.3310
0.226875,-0.4924
0.227000,1.6359
0.227125,-0.7114
0.227250,-1.2911
0.227375,0.2002
0.227500,-0.4007
0.227625,-0.9133
0.227750,0.4545
0.227875,0.2350
0.228000,-0.6730
0.228125,-0.7176
0.228250,-1.5906
0.228375,-0.7919
0.228500,-1.1619
0.228625,-0.8224
0.228750,-0.3299
0.228875,0.1503
0.229000,-0.7528
0.229125,1.6771
0.229250,0.3827
0.229375,1.1923
0.229500,0.7634
0.229625,0.8142
0.229750,0.9094
0.229875,-1.3346
0.230000,1.7279
0.230125,1.2776
0.230250,1.3683
0.230375,1.5779
0.230500,0.7595
0.230625,1.5168
0.230750,1.6149
0.230875,-0.9398
0.231000,-0.6287
0.231125,-0.7971
0.231250,1.1906
0.231375,-0.3167
0.231500,0.1865
0.231625,1.1726
0.231750,-0.1788
0.231875,-0.1213
0.232000,0.9758
0.232125,-0.0848
0.232250,0.0945
0.232375,0.4191
0.232500,-0.6907
0.232625,-0.3643
0.232750,-0.2453
0.232875,0.5264
0.233000,-2.2510
0.233125,-0.0262
0.233250,0.6116
0.233375,0.5490
0.233500,2.6372
0.233625,0.4262
0.233750,-1.4664
0.233875,-1.0080
0.234000,-1.6964
0.234125,1.1526
0.234250,-0.9705
0.234375,-1.7036
0.234500,-0.1998
0.234625,-0.1093
0.234750,1.2197
0.234875,1.8373
0.235000,0.3978
0.235125,-0.3284
0.235250,-0.3477
0.235375,-1.4743
0.235500,0.3357
0.235625,-0.4376
0.235750,0.3975
0.235875,-2.1520
0.236000,-2.2603
0.236125,-0.0218
0.236250,-2.0659
0.236375,-2.0899
0.236500,0.4250
0.236625,0.3866
0.236750,-1.3534
0.236875,-0.7693
0.237000,-1.3308
0.237125,-0.7098
0.237250,-0.2676
0.237375,-0.9477
0.237500,-0.8764
0.237625,-1.2110
0.237750,-0.7474
0.237875,0.1935
0.238000,0.4817
0.238125,1.1386
0.238250,-0.9886
0.238375,0.8712
0.238500,1.0657
0.238625,-0.8927
0.238750,1.9111
0.238875,0.6846
0.239000,1.3418
0.239125,0.7332
0.239250,1.4553
0.239375,1.5197
0.239500,-0.5558
0.239625,0.7629
0.239750,0.5788
0.239875,0.3163
0.240000,-0.0881
0.240125,-0.1435
0.240250,0.2334
0.240375,-0.6877
0.240500,0.7740
0.240625,1.2155
0.240750,1.0105
0.240875,-0.2107
0.241000,-0.5575
0.241125,0.6500
0.241250,-0.5337
0.241375,-0.5720
0.241500,0.3231
0.241625,1.0175
0.241750,1.4941
0.241875,0.2560
0.242000,-1.2951
0.242125,0.0872
0.242250,-0.5862
0.242375,-0.0842
0.242500,-1.1903
0.242625,-0.3472
0.242750,0.6254
0.242875,-0.3181
0.243000,0.7003
0.243125,-0.2064
0.243250,0.5764
0.243375,1.3384
0.243500,-2.2697
0.243625,-1.3217
0.243750,-2.1385
0.243875,0.3196
0.244000,-0.2477
0.244125,-0.7877
0.244250,1.0291
0.244375,-0.7766
0.244500,-0.2627
0.244625,-0.3181
0.244750,-0.4404
0.244875,1.3329
0.245000,-0.5902
0.245125,-0.1349
0.245250,-0.3393
0.245375,0.1415
0.245500,-0.5491
0.245625,-1.1709
0.245750,-0.4819
0.245875,-1.5280
0.246000,-2.1524
0.246125,-1.0249
0.246250,0.3278
0.246375,-0.9197
0.246500,-0.6585
0.246625,-1.2126
0.246750,-1.6597
0.246875,-0.6761
0.247000,-0.9637
0.247125,-0.3373
0.247250,0.0787
0.247375,0.0672
0.247500,-0.5510
0.247625,-0.4731
0.247750,1.1711
0.247875,-0.9136
0.248000,1.4889
0.248125,1.2997
0.248250,0.5814
0.248375,1.4122
0.248500,2.4361
0.248625,0.4341
0.248750,0.8980
0.248875,0.2142
0.249000,-0.2656
0.249125,0.8910
0.249250,-0.7601
0.249375,0.3133
0.249500,1.8785
0.249625,1.2163
0.249750,0.8703
0.249875,1.1946
0.250000,0.8531
0.250125,-0.7165
0.250250,0.8013
0.250375,1.4173
0.250500,0.1738
0.250625,0.5317
0.250750,-0.6287
0.250875,-0.1442
0.251000,-0.2023
0.251125,0.0492
0.251250,0.3629
0.251375,0.8608
0.251500,-0.3741
0.251625,-0.6884
0.251750,0.5432
0.251875,0.4974
0.252000,-0.1835
0.252125,0.2440
0.252250,0.4066
0.252375,-1.1894
0.252500,0.0355
0.252625,0.3296
0.252750,-0.2238
0.252875,0.1090
0.253000,-1.7498
0.253125,-0.3395
0.253250,0.8212
0.253375,-0.4772
0.253500,1.0163
0.253625,0.6332
0.253750,-1.9543
0.253875,-0.7161
0.254000,-1.0765
0.254125,-0.4787
0.254250,-1.2625
0.254375,-1.9074
0.254500,1.0411
0.254625,0.2569
0.254750,-0.3338
0.254875,-0.9960
0.255000,-2.1039
0.255125,-0.5614
0.255250,-1.6552
0.255375,-2.1004
0.255500,-0.6288
0.255625,-0.9689
0.255750,-0.8852
0.255875,-1.3517
0.256000,-0.5661
0.256125,-1.7415
0.256250,0.1239
0.256375,-0.8400
0.256500,0.0383
0.256625,1.9563
0.256750,-0.8156
0.256875,0.4706
0.257000,0.7231
0.257125,0.1635
0.257250,1.2185
0.257375,0.6257
0.257500,1.8009
0.257625,1.9766
0.257750,1.7221
0.257875,-1.1001
0.258000,0.0967
0.258125,1.7998
0.258250,1.9161
0.258375,0.2033
0.258500,0.7663
0.258625,0.1616
0.258750,-0.1331
0.258875,-0.0020
0.259000,1.3573
0.259125,-0.4741
0.259250,-0.6296
0.259375,-0.0118
0.259500,1.0409
0.259625,-0.4236
0.259750,-1.1006
0.259875,-0.2472
0.260000,0.2884
0.260125,-0.9878
0.260250,-0.9417
0.260375,0.2515
0.260500,0.4827
0.260625,0.2301
0.260750,-0.0752
0.260875,-0.5220
0.261000,-0.1039
0.261125,-0.5210
0.261250,-0.3752
0.261375,-1.0199
0.261500,-0.7951
0.261625,1.3228
0.261750,-0.7765
0.261875,0.9694
0.262000,0.2426
0.262125,0.1489
0.262250,0.0899
0.262375,0.7239
0.262500,-0.0484
0.262625,0.3429
0.262750,-1.2085
0.262875,-0.9850
0.263000,-1.0519
0.263125,-0.0676
0.263250,0.3226
0.263375,-0.1135
0.263500,-1.0653
0.263625,-0.3887
0.263750,-1.2506
0.263875,-0.0688
0.264000,-0.3582
0.264125,-0.2365
0.264250,-1.3396
0.264375,-0.6869
0.264500,-1.8242
0.264625,0.4338
0.264750,-1.5871
0.264875,-2.4108
0.265000,-0.7878
0.265125,-1.5371
0.265250,-0.4275
0.265375,-0.6411
0.265500,0.7178
0.265625,-0.0020
0.265750,1.6245
0.265875,-0.4632
0.266000,0.7737
0.266125,0.4641
0.266250,0.9240
0.266375,2.3865
0.266500,0.5531
0.266625,1.1021
0.266750,2.0888
0.266875,0.8727
0.267000,0.8585
0.267125,1.3819
0.267250,-0.6666
0.267375,0.7798
0.267500,1.1619
0.267625,-0.0583
0.267750,-0.5921
0.267875,2.3440
0.268000,0.0762
0.268125,0.1644
0.268250,-0.1480
0.268375,0.8579
0.268500,-0.5089
0.268625,-0.1556
0.268750,-0.0452
0.268875,0.5802
0.269000,-0.1516
0.269125,-0.2694
0.269250,0.0525
0.269375,0.5074
0.269500,-0.3285
0.269625,0.2026
0.269750,0.2329
0.269875,-0.1610
0.270000,-0.4068
0.270125,-0.3540
0.270250,-0.6376
0.270375,-1.2778
0.270500,0.6888
0.270625,0.2202
0.270750,0.0934
0.270875,-0.5830
0.271000,-0.0745
0.271125,0.3413
0.271250,-0.0760
0.271375,0.0618
0.271500,-1.3062
0.271625,-0.2326
0.271750,0.2271
0.271875,-0.7039
0.272000,0.4275
0.272125,0.9551
0.272250,0.4505
0.272375,0.2550
0.272500,-1.6308
0.272625,-0.6837
0.272750,0.3659
0.272875,1.0065
0.273000,-0.6549
0.273125,-0.6265
0.273250,0.5894
0.273375,-1.0708
0.273500,-1.3049
0.273625,-0.4063
0.273750,-1.2522
0.273875,1.0352
0.274000,0.0184
0.274125,-0.3635
0.274250,-1.3893
0.274375,-0.5207
0.274500,-1.6208
0.274625,-1.9020
0.274750,-0.6917
0.274875,-0.4657
0.275000,0.0675
0.275125,-0.1597
0.275250,0.0694
0.275375,0.3511
0.275500,0.7268
0.275625,-0.0230
0.275750,0.2617
0.275875,0.5786
0.276000,2.4431
0.276125,0.3679
0.276250,1.3666
0.276375,0.8464
0.276500,0.8600
0.276625,1.3179
0.276750,-0.0309
0.276875,-1.4264
0.277000,2.5721
0.277125,0.6164
0.277250,0.5902
0.277375,0.8057
0.277500,-1.3218
0.277625,0.5742
0.277750,-0.1210
0.277875,0.1640
0.278000,-0.3089
0.278125,1.9833
0.278250,0.1550
0.278375,-0.3714
0.278500,-1.5938
0.278625,0.4251
0.278750,0.2207
0.278875,0.8361
0.279000,0.1414
0.279125,-0.4823
0.279250,-0.0172
0.279375,1.6081
0.279500,1.1126
0.279625,0.8587
0.279750,1.5622
0.279875,-0.0711
0.280000,-0.8438
0.280125,0.3387
0.280250,-0.0832
0.280375,1.5269
0.280500,-1.0115
0.280625,-1.1338
0.280750,0.0801
0.280875,-0.9912
0.281000,0.2149
0.281125,0.4679
0.281250,-0.2118
0.281375,0.9745
0.281500,0.5701
0.281625,-0.5279
0.281750,-0.5353
0.281875,0.7578
0.282000,-0.3358
0.282125,0.4365
0.282250,-0.5699
0.282375,0.0946
0.282500,-0.3363
0.282625,-0.2150
0.282750,-1.0074
0.282875,-0.2615
0.283000,-0.3989
0.283125,-0.7662
0.283250,-0.7478
0.283375,-1.3448
0.283500,-1.0598
0.283625,-0.5765
0.283750,-0.3002
0.283875,-0.6985
0.284000,-0.6522
0.284125,-0.2555
0.284250,0.3526
0.284375,1.2569
0.284500,0.9297
0.284625,0.8253
0.284750,0.5395
0.284875,1.9442
0.285000,-0.2247
0.285125,0.2610
0.285250,0.4640
0.285375,0.9479
0.285500,0.4761
0.285625,0.3367
0.285750,0.4753
0.285875,0.6270
0.286000,-0.8285
0.286125,1.7660
0.286250,1.8926
0.286375,0.7518
0.286500,-1.2059
0.286625,0.7292
0.286750,-0.6177
0.286875,-0.0666
0.287000,-0.2142
0.287125,-0.3873
0.287250,-0.4855
0.287375,-0.5372
0.287500,-0.4262
0.287625,-0.2270
0.287750,-1.3332
0.287875,1.0030
0.288000,-0.4730
0.288125,1.3160
0.288250,0.0753
0.288375,0.4610
0.288500,0.3380
0.288625,-2.2804
0.288750,0.3298
0.288875,-1.1263
0.289000,-0.0927
0.289125,0.3633
0.289250,0.7446
0.289375,0.1590
0.289500,1.1875
0.289625,1.2764
0.289750,-0.7087
0.289875,0.9872
0.290000,1.1064
0.290125,-0.2606
0.290250,1.0620
0.290375,-1.0639
0.290500,-1.2666
0.290625,0.2135
0.290750,0.0227
0.290875,0.3902
0.291000,-0.4421
0.291125,-0.2251
0.291250,-0.0379
0.291375,-0.6382
0.291500,-0.6139
0.291625,0.2607
0.291750,-1.5154
0.291875,-0.2493
0.292000,-1.9456
0.292125,-0.0834
0.292250,-0.1063
0.292375,0.9601
0.292500,-0.9318
0.292625,-0.9342
0.292750,-0.7063
0.292875,-1.6349
0.293000,0.3265
0.293125,-1.3448
0.293250,0.0932
0.293375,-0.0208
0.293500,1.1872
0.293625,-0.0918
0.293750,0.4571
0.293875,0.4468
0.294000,-0.2265
0.294125,-0.2032
0.294250,0.4534
0.294375,-0.6815
0.294500,0.3803
0.294625,0.9424
0.294750,1.2856
0.294875,-0.3462
0.295000,1.3783
0.295125,0.3249
0.295250,2.0277
0.295375,1.9224
0.295500,-0.2753
0.295625,0.1305
0.295750,-0.0979
0.295875,0.8837
0.296000,1.1253
0.296125,-0.2093
0.296250,-0.6187
0.296375,-0.3581
0.296500,0.8363
0.296625,0.3026
0.296750,0.7274
0.296875,-0.6663
0.297000,-0.6373
0.297125,-0.3043
0.297250,-1.1827
0.297375,1.0153
0.297500,0.2471
0.297625,-1.4080
0.297750,1.1258
0.297875,-0.6935
0.298000,0.7954
0.298125,-0.9321
0.298250,-1.5590
0.298375,-1.4643
0.298500,1.2098
0.298625,0.0554
0.298750,-0.7970
0.298875,0.9740
0.299000,-0.4783
0.299125,-0.3371
0.299250,0.5431
0.299375,-2.0882
0.299500,-0.5533
0.299625,-0.4833
0.299750,1.3703
0.299875,-1.0742
0.300000,-0.2615
0.300125,-0.3566
0.300250,-0.0262
0.300375,-0.1018
0.300500,-0.0761
0.300625,-0.3416
0.300750,-0.6463
0.300875,0.3935
0.301000,-0.5944
0.301125,-0.8288
0.301250,-0.7256
0.301375,0.0230
0.301500,-1.8028
0.301625,-0.5968
0.301750,0.8045
0.301875,-0.3884
0.302000,-0.6586
0.302125,-2.2908
0.302250,-1.1120
0.302375,-0.8712
0.302500,0.9290
0.302625,0.6631
0.302750,0.6274
0.302875,-0.7609
0.303000,0.1784
0.303125,0.2362
0.303250,1.3001
0.303375,0.0651
0.303500,1.0431
0.303625,0.2509
0.303750,1.1363
0.303875,0.4472
0.304000,1.9510
0.304125,0.7816
0.304250,0.6138
0.304375,0.2597
0.304500,0.8930
0.304625,-1.5716
0.304750,-0.3904
0.304875,0.4519
0.305000,0.1310
0.305125,0.3407
0.305250,0.7609
0.305375,1.6982
0.305500,-0.2987
0.305625,0.0097
0.305750,0.4384
0.305875,-0.6694
0.306000,-0.3310
0.306125,0.5575
0.306250,0.0753
0.306375,0.1581
0.306500,-0.7487
0.306625,-0.0347
0.306750,-0.0493
0.306875,-0.2406
0.307000,-0.5058
0.307125,0.2006
0.307250,0.0735
0.307375,0.7668
0.307500,0.8944
0.307625,-0.1488
0.307750,0.9113
0.307875,0.2124
0.308000,-0.7319
0.308125,-1.1547
0.308250,-0.2778
0.308375,-0.6839
0.308500,-1.2344
0.308625,0.1465
0.308750,-1.2277
0.308875,-0.7268
0.309000,0.2583
0.309125,-0.1958
0.309250,0.4400
0.309375,-0.3014
0.309500,-0.1303
0.309625,-0.5999
0.309750,-1.0211
0.309875,-0.0866
0.310000,-0.8910
0.310125,-1.2272
0.310250,0.2817
0.310375,-0.4877
0.310500,-1.8275
0.310625,-0.3545
0.310750,-1.7840
0.310875,-0.9532
0.311000,0.2611
0.311125,-2.3217
0.311250,-0.3838
0.311375,-1.7634
0.311500,-0.3693
0.311625,-0.0426
0.311750,-1.0152
0.311875,0.2164
0.312000,0.7287
0.312125,0.5152
0.312250,1.5353
0.312375,0.4152
0.312500,2.8654
0.312625,1.7041
0.312750,0.5084
0.312875,-0.0448
0.313000,1.6412
0.313125,0.8425
0.313250,0.3917
0.313375,1.1785
0.313500,0.6776
0.313625,1.0144
0.313750,1.6446
0.313875,-0.0697
0.314000,0.2997
0.314125,-0.2438
0.314250,1.0684
0.314375,0.1828
0.314500,0.6050
0.314625,-0.8190
0.314750,-0.1680
0.314875,0.4169
0.315000,0.8437
0.315125,-1.6532
0.315250,-0.1196
0.315375,0.1438
0.315500,0.7462
0.315625,0.2014
0.315750,-1.4598
0.315875,0.9598
0.316000,-0.3685
0.316125,-0.5410
0.316250,0.4060
0.316375,0.6948
0.316500,1.6148
0.316625,1.6295
0.316750,-0.2039
0.316875,0.7810
0.317000,0.6242
0.317125,-0.9275
0.317250,-0.0431
0.317375,-0.1405
0.317500,-1.7557
0.317625,-0.2164
0.317750,-0.5068
0.317875,1.1468
0.318000,-0.6393
0.318125,-1.1770
0.318250,-0.8576
0.318375,-0.0482
0.318500,-0.9486
0.318625,-1.2655
0.318750,-0.7859
0.318875,-0.3266
0.319000,-0.2429
0.319125,-0.8927
0.319250,0.0715
0.319375,0.6380
0.319500,-1.3867
0.319625,-0.4590
0.319750,-0.9982
0.319875,-2.0150
0.320000,-1.0603
0.320125,-0.9717
0.320250,-0.3257
0.320375,0.0473
0.320500,-1.1595
0.320625,-0.4249
0.320750,-1.3605
0.320875,-0.5959
0.321000,0.8559
0.321125,-0.4235
0.321250,0.5419
0.321375,1.4741
0.321500,1.6138
0.321625,1.6053
0.321750,1.6963
0.321875,-0.2680
0.322000,1.0130
0.322125,0.7442
0.322250,-0.1798
0.322375,1.8056
0.322500,-1.1809
0.322625,2.0060
0.322750,0.7467
0.322875,0.0061
0.323000,1.3910
0.323125,1.0202
0.323250,-0.1306
0.323375,1.0206
0.323500,0.1861
0.323625,-0.0286
0.323750,1.8402
0.323875,0.8070
0.324000,0.7922
0.324125,-1.5532
0.324250,0.7919
0.324375,-0.4235
0.324500,-0.0570
0.324625,0.1424
0.324750,-0.4876
0.324875,0.3894
0.325000,-0.0982
0.325125,-0.4342
0.325250,-0.2262
0.325375,0.3420
0.325500,-0.9093
0.325625,0.0105
0.325750,0.6905
0.325875,-0.2714
0.326000,0.7442
0.326125,-1.2389
0.326250,-1.6194
0.326375,0.4553
0.326500,-0.4391
0.326625,0.1636
0.326750,-0.4519
0.326875,-0.4715
0.327000,-0.1657
0.327125,-0.0267
0.327250,0.6515
0.327375,0.1708
0.327500,-0.5232
0.327625,-0.7031
0.327750,-0.3491
0.327875,0.4338
0.328000,1.3852
0.328125,-0.6699
0.328250,0.3811
0.328375,-1.0471
0.328500,0.6400
0.328625,-0.8009
0.328750,-1.1848
0.328875,-1.3473
0.329000,0.2769
0.329125,0.1142
0.329250,-1.7053
0.329375,-1.1399
0.329500,-0.9419
0.329625,-0.1261
0.329750,-1.3889
0.329875,0.0949
0.330000,-0.3176
0.330125,0.8389
0.330250,-0.8147
0.330375,-0.9515
0.330500,-0.0775
0.330625,1.2080
0.330750,0.5744
0.330875,0.7380
0.331000,0.6280
0.331125,1.5188
0.331250,1.5167
0.331375,-0.4026
0.331500,-1.2900
0.331625,1.6950
0.331750,-0.0006
0.331875,-0.3212
0.332000,-0.0817
0.332125,1.8459
0.332250,0.2879
0.332375,0.8767
0.332500,-1.1117
0.332625,0.5395
0.332750,-0.2965
0.332875,0.9638
0.333000,-0.0429
0.333125,1.1396
0.333250,-0.5493
0.333375,0.5303
0.333500,0.3419
0.333625,-0.2303
0.333750,0.9491
0.333875,1.2413
0.334000,0.4078
0.334125,-0.0866
0.334250,-1.5425
0.334375,1.5311
0.334500,0.3646
0.334625,0.3568
0.334750,-1.2459
0.334875,0.5874
0.335000,-0.0246
0.335125,0.1381
0.335250,-0.2648
0.335375,0.7667
0.335500,-1.1672
0.335625,-0.6022
0.335750,0.9641
0.335875,-1.5704
0.336000,0.8167
0.336125,-0.9454
0.336250,-0.3040
0.336375,-0.0690
0.336500,1.0398
0.336625,-0.9658
0.336750,-1.5877
0.336875,-0.9461
0.337000,0.9984
0.337125,-2.2385
0.337250,-0.9137
0.337375,-0.7245
0.337500,0.9070
0.337625,-2.1744
0.337750,-0.5988
0.337875,0.0390
0.338000,-0.2685
0.338125,0.2424
0.338250,-0.4719
0.338375,-0.0686
0.338500,-0.1469
0.338625,-0.3954
0.338750,-0.7802
0.338875,-0.4954
0.339000,-0.9590
0.339125,-1.0207
0.339250,1.0479
0.339375,0.3214
0.339500,0.0066
0.339625,0.3063
0.339750,-0.5445
0.339875,0.3957
0.340000,1.4964
0.340125,1.9206
0.340250,0.8343
0.340375,1.1559
0.340500,-0.1599
0.340625,1.8309
0.340750,0.9278
0.340875,0.9534
0.341000,0.4042
0.341125,-1.1990
0.341250,0.7849
0.341375,1.5587
0.341500,-0.2923
0.341625,2.0885
0.341750,1.3976
0.341875,-0.2183
0.342000,0.6134
0.342125,0.5145
0.342250,0.7025
0.342375,-0.5095
0.342500,-0.0539
0.342625,0.1075
0.342750,0.8972
0.342875,0.2056
0.343000,0.7727
0.343125,0.1274
0.343250,-0.3195
0.343375,0.6309
0.343500,-0.3369
0.343625,-0.2891
0.343750,0.5200
0.343875,0.6042
0.344000,0.1556
0.344125,-0.7525
0.344250,-0.5707
0.344375,0.1461
0.344500,0.1308
0.344625,-0.6524
0.344750,0.1885
0.344875,-0.7370
0.345000,0.9293
0.345125,0.2622
0.345250,0.3830
0.345375,-0.0675
0.345500,-0.8745
0.345625,-0.5958
0.345750,0.9884
0.345875,-0.3351
0.346000,-0.2241
0.346125,-0.2910
0.346250,-1.5332
0.346375,-1.1008
0.346500,-0.8723
0.346625,0.0389
0.346750,-0.4817
0.346875,0.0863
0.347000,-0.0113
0.347125,-0.4835
0.347250,-0.8258
0.347375,-1.8526
0.347500,-0.0880
0.347625,0.1538
0.347750,0.3024
0.347875,-0.5736
0.348000,-1.2482
0.348125,-0.1916
0.348250,-1.0791
0.348375,-0.8447
0.348500,0.3482
0.348625,-1.2207
0.348750,0.7520
0.348875,0.1008
0.349000,1.1015
0.349125,0.9693
0.349250,0.3393
0.349375,0.3842
0.349500,-0.1913
0.349625,1.8414
0.349750,0.9330
0.349875,1.5294
0.350000,0.3698
0.350125,0.9942
0.350250,-1.5751
0.350375,0.7336
0.350500,-0.0483
0.350625,1.5454
0.350750,1.2239
0.350875,-0.7530
0.351000,-0.0462
0.351125,-0.3016
0.351250,0.7950
0.351375,0.2547
0.351500,-0.7180
0.351625,-0.7110
0.351750,0.6406
0.351875,0.6774
0.352000,-0.1477
0.352125,0.4573
0.352250,0.9768
0.352375,-1.2047
0.352500,0.3640
0.352625,-0.1046
0.352750,0.1376
0.352875,-1.4955
0.353000,-1.3529
0.353125,-0.4882
0.353250,-1.0665
0.353375,-1.0607
0.353500,0.6989
0.353625,0.2763
0.353750,0.7700
0.353875,-0.3610
0.354000,1.1193
0.354125,-1.0639
0.354250,0.3453
0.354375,0.5578
0.354500,-1.3417
0.354625,1.4230
0.354750,-0.4240
0.354875,0.3347
0.355000,0.8442
0.355125,-0.4298
0.355250,-0.6247
0.355375,-0.8968
0.355500,-0.2738
0.355625,-0.5498
0.355750,-2.3489
0.355875,0.4269
0.356000,0.0421
0.356125,-1.2817
0.356250,-0.2491
0.356375,-0.9289
0.356500,-0.9280
0.356625,-0.6337
0.356750,-1.0952
0.356875,-0.6288
0.357000,-0.4756
0.357125,-0.7439
0.357250,-1.4118
0.357375,-0.9180
0.357500,-0.0352
0.357625,0.0925
0.357750,-0.6814
0.357875,0.9444
0.358000,0.2392
0.358125,-0.2472
0.358250,-0.3361
0.358375,1.1838
0.358500,0.4782
0.358625,0.1804
0.358750,0.9613
0.358875,0.6410
0.359000,0.2581
0.359125,-0.5929
0.359250,2.2454
0.359375,0.9123
0.359500,1.1087
0.359625,0.9869
0.359750,-0.7503
0.359875,1.1104
0.360000,-0.1088
0.360125,0.4020
0.360250,0.8258
0.360375,0.4747
0.360500,0.4384
0.360625,-0.2151
0.360750,0.7616
0.360875,0.2352
0.361000,0.8292
0.361125,-0.5404
0.361250,-0.3366
0.361375,-1.0145
0.361500,0.8176
0.361625,0.6713
0.361750,1.1884
0.361875,0.4920
0.362000,-0.4234
0.362125,-0.2688
0.362250,-0.8981
0.362375,-0.1907
0.362500,0.0234
0.362625,0.9909
0.362750,-1.0684
0.362875,0.1455
0.363000,2.0345
0.363125,-0.0520
0.363250,-0.7922
0.363375,-1.2739
0.363500,-0.6775
0.363625,-0.9500
0.363750,-1.0275
0.363875,-0.3498
0.364000,-0.1503
0.364125,-0.5673
0.364250,0.9232
0.364375,0.2780
0.364500,-1.1535
0.364625,0.8555
0.364750,-2.1688
0.364875,-0.3195
0.365000,-0.7224
0.365125,-0.6877
0.365250,-1.5729
0.365375,-0.9175
0.365500,-1.7284
0.365625,0.2936
0.365750,-1.5175
0.365875,-1.3791
0.366000,-0.5443
0.366125,-1.2694
0.366250,-1.3329
0.366375,-0.1950
0.366500,-0.1030
0.366625,-1.1939
0.366750,-0.1032
0.366875,-0.0423
0.367000,-0.3343
0.367125,0.3372
0.367250,0.4721
0.367375,0.7104
0.367500,-1.4890
0.367625,-0.2445
0.367750,0.8580
0.367875,1.0954
0.368000,0.7858
0.368125,1.4719
0.368250,0.9957
0.368375,1.3603
0.368500,-1.3215
0.368625,0.9413
0.368750,1.5875
0.368875,0.6619
0.369000,-0.1789
0.369125,1.3413
0.369250,0.4335
0.369375,-0.3726
0.369500,0.4280
0.369625,0.6197
0.369750,-0.2237
0.369875,-2.0383
0.370000,-1.4279
0.370125,-0.4411
0.370250,0.6445
0.370375,0.1717
0.370500,-0.5500
0.370625,1.0371
0.370750,0.5406
0.370875,0.1749
0.371000,-1.6327
0.371125,-0.1442
0.371250,-0.5656
0.371375,0.5889
0.371500,-0.2876
0.371625,-1.7614
0.371750,-1.2589
0.371875,-1.3771
0.372000,-0.4689
0.372125,-0.3988
0.372250,-0.2909
0.372375,-0.1794
0.372500,-1.0906
0.372625,-0.3800
0.372750,-0.2052
0.372875,0.6063
0.373000,-0.3558
0.373125,0.3920
0.373250,-1.0834
0.373375,-0.5648
0.373500,-1.2044
0.373625,0.9285
0.373750,-1.1446
0.373875,0.0967
0.374000,-1.0425
0.374125,-0.4311
0.374250,-1.6404
0.374375,-0.4927
0.374500,0.1059
0.374625,-0.8158
0.374750,-0.5464
0.374875,-0.2987
0.375000,-0.1149
0.375125,0.7596
0.375250,0.3264
0.375375,-0.6232
0.375500,-0.4217
0.375625,-0.6822
0.375750,-1.4881
0.375875,-0.3404
0.376000,-0.6902
0.376125,-2.3160
0.376250,0.8367
0.376375,0.1093
0.376500,-0.3101
0.376625,0.3663
0.376750,-0.2450
0.376875,2.2042
0.377000,0.3056
0.377125,0.6665
0.377250,0.0785
0.377375,-0.6650
0.377500,0.1434
0.377625,0.4636
0.377750,0.7642
0.377875,0.2118
0.378000,0.2666
0.378125,-0.9505
0.378250,-0.0419
0.378375,0.8639
0.378500,-0.0090
0.378625,0.8729
0.378750,0.7545
0.378875,0.3780
0.379000,-0.4653
0.379125,0.4724
0.379250,1.0666
0.379375,1.8242
0.379500,-0.2753
0.379625,-0.2816
0.379750,0.8699
0.379875,0.3038
0.380000,0.2153
0.380125,2.3478
0.380250,0.3839
0.380375,0.7206
0.380500,0.8650
0.380625,0.3380
0.380750,0.5837
0.380875,1.3555
0.381000,-0.3396
0.381125,0.3745
0.381250,-0.3645
0.381375,0.5182
0.381500,0.1119
0.381625,-0.3749
0.381750,-0.5858
0.381875,-0.4082
0.382000,-1.7330
0.382125,0.1706
0.382250,-0.3732
0.382375,-0.6394
0.382500,-0.9220
0.382625,0.4507
0.382750,-2.0603
0.382875,0.9469
0.383000,0.1381
0.383125,1.3039
0.383250,-0.6714
0.383375,-1.2045
0.383500,0.8471
0.383625,1.6271
0.383750,0.3070
0.383875,0.0355
0.384000,1.5982
0.384125,-2.6629
0.384250,0.9863
0.384375,-1.4518
0.384500,-0.4659
0.384625,-0.4053
0.384750,0.0835
0.384875,-1.3050
0.385000,-0.3428
0.385125,-0.3149
0.385250,0.8103
0.385375,-0.3698
0.385500,-0.1809
0.385625,-0.1154
0.385750,-0.4287
0.385875,0.1363
0.386000,1.4582
0.386125,1.2963
0.386250,0.3924
0.386375,1.7067
0.386500,0.3184
0.386625,0.7264
0.386750,0.5070
0.386875,0.4143
0.387000,-0.4244
0.387125,0.4606
0.387250,0.0218
0.387375,1.1394
0.387500,0.6813
0.387625,0.1923
0.387750,1.1492
0.387875,-0.3610
0.388000,-0.7715
0.388125,-0.1804
0.388250,0.8020
0.388375,0.4544
0.388500,1.6464
0.388625,-1.1875
0.388750,0.1218
0.388875,0.1272
0.389000,1.3308
0.389125,-1.2362
0.389250,-0.0861
0.389375,0.6926
0.389500,1.7995
0.389625,0.3508
0.389750,-0.0904
0.389875,0.6593
0.390000,-0.0471
0.390125,-0.3474
0.390250,-0.1055
0.390375,-0.1114
0.390500,0.8396
0.390625,-0.3463
0.390750,0.3171
0.390875,0.5076
0.391000,-0.7938
0.391125,-0.1005
0.391250,-1.6013
0.391375,-0.4418
0.391500,0.1937
0.391625,0.3027
0.391750,-1.9525
0.391875,-0.5002
0.392000,1.4197
0.392125,-0.2765
0.392250,0.1654
0.392375,-0.4113
0.392500,0.0691
0.392625,0.0842
0.392750,-1.2132
0.392875,0.0989
0.393000,-1.2787
0.393125,0.9627
0.393250,1.1346
0.393375,-0.5634
0.393500,0.5346
0.393625,-0.5968
0.393750,-1.7389
0.393875,-1.0607
0.394000,-1.3576
0.394125,-0.5529
0.394250,-0.2827
0.394375,-0.4163
0.394500,-0.6536
0.394625,-0.7772
0.394750,-1.5182
0.394875,0.2469
0.395000,0.3753
0.395125,0.6443
0.395250,0.1582
0.395375,1.4077
0.395500,0.1350
0.395625,0.3551
0.395750,1.4710
0.395875,-0.3098
0.396000,-0.4085
0.396125,-0.1569
0.396250,0.2278
0.396375,0.0128
0.396500,-0.6950
0.396625,1.2854
0.396750,0.7519
0.396875,0.2938
0.397000,-0.6001
0.397125,-0.2083
0.397250,-0.9602
0.397375,0.8559
0.397500,0.5209
0.397625,1.7728
0.397750,0.2457
0.397875,0.9240
0.398000,0.0254
0.398125,-0.2852
0.398250,0.8174
0.398375,-0.9267
0.398500,0.5772
0.398625,-0.3947
0.398750,0.5045
0.398875,-1.7231
0.399000,-1.5045
0.399125,0.2222
0.399250,0.2423
0.399375,0.2462
0.399500,-0.0444
0.399625,-0.7563
0.399750,-1.1271
0.399875,-0.3618
0.400000,-0.7121
0.400125,-0.1272
0.400250,0.7535
0.400375,-0.3015
0.400500,-0.2805
0.400625,0.3066
0.400750,-0.1417
0.400875,0.3489
0.401000,-0.2048
0.401125,0.6279
0.401250,0.2084
0.401375,-0.3592
0.401500,-0.3392
0.401625,-0.4390
0.401750,-0.0431
0.401875,-1.9236
0.402000,-0.8922
0.402125,-0.8782
0.402250,-1.4369
0.402375,1.2653
0.402500,-0.1382
0.402625,-1.2236
0.402750,-1.6714
0.402875,-0.7683
0.403000,-2.0597
0.403125,1.1983
0.403250,-1.6275
0.403375,-1.1222
0.403500,-0.8934
0.403625,-0.1967
0.403750,-1.5467
0.403875,-0.0652
0.404000,0.2309
0.404125,0.0454
0.404250,0.3339
0.404375,1.2438
0.404500,1.5298
0.404625,1.6225
0.404750,1.9844
0.404875,0.6628
0.405000,0.7125
0.405125,0.9275
0.405250,1.7091
0.405375,-1.1273
0.405500,0.8053
0.405625,0.2674
0.405750,-0.0799
0.405875,-0.5830
0.406000,1.1181
0.406125,0.0347
0.406250,0.1320
0.406375,-0.1865
0.406500,0.7505
0.406625,1.0780
0.406750,-0.3521
0.406875,1.1521
0.407000,0.8268
0.407125,0.4916
0.407250,0.2688
0.407375,0.9538
0.407500,-0.4125
0.407625,0.8013
0.407750,0.1113
0.407875,0.8618
0.408000,-0.4919
0.408125,0.8849
0.408250,-0.6148
0.408375,-1.3322
0.408500,-0.1612
0.408625,0.0785
0.408750,-0.5325
0.408875,1.8540
0.409000,-1.3769
0.409125,-0.3222
0.409250,1.3381
0.409375,-1.9424
0.409500,-0.6455
0.409625,-0.1979
0.409750,-0.4567
0.409875,-0.1867
0.410000,0.4798
0.410125,-0.8730
0.410250,-1.2359
0.410375,-0.1346
0.410500,-0.2617
0.410625,-0.7826
0.410750,-1.7286
0.410875,-0.0253
0.411000,0.1505
0.411125,-0.3844
0.411250,0.8973
0.411375,-0.4332
0.411500,-0.5724
0.411625,-1.2883
0.411750,-0.0726
0.411875,-1.6321
0.412000,-1.7116
0.412125,-0.7414
0.412250,-0.1584
0.412375,-1.3497
0.412500,-0.6544
0.412625,-0.7503
0.412750,0.0869
0.412875,0.9508
0.413000,-1.1797
0.413125,-1.0791
0.413250,0.4693
0.413375,0.1097
0.413500,0.7896
0.413625,0.1822
0.413750,-0.3541
0.413875,0.5811
0.414000,1.0693
0.414125,0.1540
0.414250,0.7638
0.414375,0.7679
0.414500,-0.0771
0.414625,1.8522
0.414750,0.8751
0.414875,0.6647
0.415000,0.5531
0.415125,1.9474
0.415250,-0.6727
0.415375,-0.7301
0.415500,0.1353
0.415625,0.5079
0.415750,1.0739
0.415875,-0.9132
0.416000,0.4888
0.416125,0.0116
0.416250,1.1661
0.416375,1.7674
0.416500,0.4354
0.416625,1.8404
0.416750,-0.9957
0.416875,0.0242
0.417000,0.8005
0.417125,-0.0504
0.417250,-0.8987
0.417375,-0.2995
0.417500,-0.1716
0.417625,-0.7747
0.417750,0.0072
0.417875,0.9873
0.418000,0.2548
0.418125,0.3360
0.418250,-1.0366
0.418375,-0.5500
0.418500,-1.3105
0.418625,-0.3602
0.418750,1.4437
0.418875,0.0834
0.419000,0.5884
0.419125,0.0626
0.419250,0.4369
0.419375,0.0458
0.419500,-0.3443
0.419625,-1.5109
0.419750,-0.1092
0.419875,-0.5110
0.420000,-0.1674
0.420125,0.0415
0.420250,0.9998
0.420375,-0.7229
0.420500,-0.6200
0.420625,0.4104
0.420750,-1.3783
0.420875,-1.0956
0.421000,0.2608
0.421125,-0.8631
0.421250,-0.6733
0.421375,-0.6126
0.421500,-1.4826
0.421625,-0.0452
0.421750,0.1091
0.421875,-0.1548
0.422000,-0.2040
0.422125,-0.2603
0.422250,-0.6473
0.422375,-1.4379
0.422500,0.4679
0.422625,0.0493
0.422750,0.4385
0.422875,0.4100
0.423000,0.3176
0.423125,-0.1508
0.423250,0.2345
0.423375,0.4521
0.423500,0.7067
0.423625,-1.2866
0.423750,1.6284
0.423875,0.8973
0.424000,0.0246
0.424125,0.7738
0.424250,0.9826
0.424375,-0.0176
0.424500,1.6325
0.424625,-0.0308
0.424750,0.1681
0.424875,-0.7187
0.425000,0.6574
0.425125,0.5017
0.425250,0.5786
0.425375,-0.1355
0.425500,-0.0763
0.425625,-0.1929
0.425750,-0.4029
0.425875,-1.3620
0.426000,-0.3630
0.426125,-0.9787
0.426250,-0.7384
0.426375,-0.8736
0.426500,-0.7342
0.426625,0.3757
0.426750,0.8860
0.426875,-0.1022
0.427000,-0.3873
0.427125,-0.1515
0.427250,0.3230
0.427375,-1.0785
0.427500,1.0426
0.427625,-0.6053
0.427750,-0.3532
0.427875,-0.1562
0.428000,-0.5772
0.428125,0.4055
0.428250,-1.3039
0.428375,-0.4824
0.428500,-0.4448
0.428625,1.5311
0.428750,-0.5165
0.428875,0.5945
0.429000,-0.9031
0.429125,-1.4257
0.429250,-0.5410
0.429375,-1.3631
0.429500,0.0971
0.429625,-0.8623
0.429750,-0.5006
0.429875,0.2333
0.430000,-1.5958
0.430125,-1.5762
0.430250,-0.2960
0.430375,-0.6945
0.430500,-0.8401
0.430625,-1.5455
0.430750,-0.5436
0.430875,-0.4454
0.431000,-0.9361
0.431125,-1.3820
0.431250,0.6854
0.431375,0.0387
0.431500,0.6373
0.431625,-0.6297
0.431750,-0.6499
0.431875,-0.6526
0.432000,0.9671
0.432125,1.5304
0.432250,-0.0753
0.432375,-0.1177
0.432500,1.3141
0.432625,1.6349
0.432750,0.3295
0.432875,1.8109
0.433000,0.8317
0.433125,-1.1423
0.433250,0.1862
0.433375,-0.2900
0.433500,0.6228
0.433625,-0.8861
0.433750,-0.0256
0.433875,-0.1798
0.434000,-0.3916
0.434125,-0.0350
0.434250,-0.2944
0.434375,-0.0868
0.434500,0.1574
0.434625,0.0656
0.434750,-0.7936
0.434875,0.5817
0.435000,0.7580
0.435125,0.0183
0.435250,0.3537
0.435375,0.4796
0.435500,-0.7538
0.435625,1.3236
0.435750,0.3603
0.435875,-0.2080
0.436000,0.8206
0.436125,0.0651
0.436250,-0.3073
0.436375,-0.8367
0.436500,1.4258
0.436625,-0.0749
0.436750,0.4188
0.436875,-0.9197
0.437000,1.3928
0.437125,0.0115
0.437250,0.2093
0.437375,0.2134
0.437500,0.0743
0.437625,-0.1909
0.437750,-0.1694
0.437875,0.5844
0.438000,-0.5434
0.438125,1.0199
0.438250,-0.6476
0.438375,0.1645
0.438500,1.2230
0.438625,-0.0013
0.438750,-1.1088
0.438875,-0.3582
0.439000,-0.4550
0.439125,-0.8827
0.439250,0.1577
0.439375,-0.2084
0.439500,-1.7646
0.439625,-2.4058
0.439750,-0.3574
0.439875,-0.8838
0.440000,-0.4067
0.440125,0.0396
0.440250,0.3288
0.440375,-1.2133
0.440500,-0.4143
0.440625,-0.7744
0.440750,0.0794
0.440875,-0.9194
0.441000,0.5987
0.441125,0.7301
0.441250,0.2692
0.441375,-0.2622
0.441500,0.5708
0.441625,1.1357
0.441750,0.8512
0.441875,0.7482
0.442000,-0.1233
0.442125,-0.2684
0.442250,-0.0331
0.442375,0.6411
0.442500,1.1161
0.442625,0.7255
0.442750,0.9380
0.442875,-0.4934
0.443000,-0.0024
0.443125,0.8983
0.443250,0.7146
0.443375,-0.7298
0.443500,-0.3565
0.443625,1.0772
0.443750,-0.6492
0.443875,0.9818
0.444000,0.5338
0.444125,0.1352
0.444250,-0.0174
0.444375,-0.1936
0.444500,1.0868
0.444625,1.2525
0.444750,0.6876
0.444875,0.2618
0.445000,-0.0146
0.445125,0.2510
0.445250,0.5346
0.445375,1.0781
0.445500,-1.7854
0.445625,-0.7330
0.445750,-0.8289
0.445875,-0.1705
0.446000,0.4020
0.446125,-0.5393
0.446250,0.2102
0.446375,-2.2025
0.446500,-0.4451
0.446625,-0.3250
0.446750,-1.8505
0.446875,-0.5832
0.447000,0.0037
0.447125,-0.8821
0.447250,0.1432
0.447375,-0.0853
0.447500,-0.7070
0.447625,-0.6620
0.447750,-0.0880
0.447875,0.6165
0.448000,0.1236
0.448125,-0.4463
0.448250,-1.5825
0.448375,-0.4147
0.448500,-0.3476
0.448625,-1.1648
0.448750,-0.2640
0.448875,-1.3763
0.449000,-0.3303
0.449125,-1.1002
0.449250,-0.1394
0.449375,-1.2755
0.449500,-0.5254
0.449625,1.1741
0.449750,-0.1032
0.449875,-1.8300
0.450000,-2.1625
0.450125,-0.4817
0.450250,-1.6436
0.450375,-1.7808
0.450500,0.1911
0.450625,-0.0944
0.450750,-0.8660
0.450875,2.0110
0.451000,1.5319
0.451125,0.4549
0.451250,0.4891
0.451375,0.6617
0.451500,0.6170
0.451625,0.4691
0.451750,0.9993
0.451875,0.2897
0.452000,-0.7024
0.452125,0.0063
0.452250,-0.6377
0.452375,-0.1637
0.452500,0.2629
0.452625,1.2854
0.452750,0.9818
0.452875,0.6652
0.453000,0.9409
0.453125,-0.0759
0.453250,-1.0244
0.453375,0.4913
0.453500,-0.2001
0.453625,0.6542
0.453750,-0.1032
0.453875,1.3713
0.454000,-0.7163
0.454125,0.6024
0.454250,-0.8786
0.454375,-0.3755
0.454500,-1.2350
0.454625,1.1156
0.454750,0.2429
0.454875,0.1108
0.455000,-1.6139
0.455125,0.4576
0.455250,-0.9627
0.455375,-0.4633
0.455500,0.9562
0.455625,0.1617
0.455750,-1.9116
0.455875,0.7783
0.456000,-0.8454
0.456125,0.5053
0.456250,0.2955
0.456375,-0.0628
0.456500,-0.2539
0.456625,-0.5158
0.456750,-0.1383
0.456875,-0.1786
0.457000,-1.0119
0.457125,0.0762
0.457250,-0.8505
0.457375,0.5353
0.457500,-0.1822
0.457625,0.3075
0.457750,0.1100
0.457875,-0.5137
0.458000,0.5295
0.458125,-0.7169
0.458250,-0.3803
0.458375,-1.5147
0.458500,-1.3726
0.458625,1.1767
0.458750,-0.9979
0.458875,0.1833
0.459000,-0.9475
0.459125,1.2841
0.459250,1.0979
0.459375,0.7547
0.459500,-1.0991
0.459625,0.7085
0.459750,-0.7502
0.459875,2.0931
0.460000,1.1497
0.460125,1.3109
0.460250,2.7270
0.460375,1.0956
0.460500,2.5228
0.460625,0.9340
0.460750,-0.7573
0.460875,-0.1325
0.461000,1.4558
0.461125,1.6278
0.461250,1.1292
0.461375,0.5362
0.461500,0.0508
0.461625,0.0280
0.461750,-0.5113
0.461875,-0.4565
0.462000,0.6671
0.462125,-0.3977
0.462250,-0.4637
0.462375,0.8589
0.462500,0.4416
0.462625,-0.8549
0.462750,0.5009
0.462875,0.2602
0.463000,1.2077
0.463125,-0.3609
0.463250,-1.0252
0.463375,0.6405
0.463500,0.0778
0.463625,-0.5844
0.463750,1.5237
0.463875,-0.0906
0.464000,0.8866
0.464125,-0.2237
0.464250,0.1413
0.464375,-0.2744
0.464500,0.0187
0.464625,-0.3147
0.464750,0.0199
0.464875,-1.0537
0.465000,-0.7762
0.465125,-0.6889
0.465250,0.7201
0.465375,-0.0490
0.465500,0.3088
0.465625,-0.9724
0.465750,-0.0552
0.465875,0.4948
0.466000,0.5603
0.466125,-0.9311
0.466250,-0.7987
0.466375,0.1952
0.466500,1.0547
0.466625,-0.3932
0.466750,0.4652
0.466875,-1.3571
0.467000,-0.9128
0.467125,-1.3368
0.467250,0.7930
0.467375,-0.6036
0.467500,0.3658
0.467625,-0.0992
0.467750,-0.3431
0.467875,-1.0774
0.468000,-0.0179
0.468125,-1.1530
0.468250,-0.7787
0.468375,-1.3862
0.468500,1.0272
0.468625,0.6316
0.468750,-0.7815
0.468875,-1.1746
0.469000,0.5303
0.469125,0.4442
0.469250,0.5059
0.469375,0.8916
0.469500,1.1314
0.469625,1.5773
0.469750,1.5970
0.469875,-1.0263
0.470000,-0.1518
0.470125,0.5956
0.470250,0.8407
0.470375,0.4731
0.470500,-1.8247
0.470625,-0.8531
0.470750,0.4356
0.470875,0.0960
0.471000,-0.0956
0.471125,0.1897
0.471250,0.1736
0.471375,1.2753
0.471500,-1.1254
0.471625,0.8732
0.471750,-0.0578
0.471875,-0.0361
0.472000,-0.4380
0.472125,1.7791
0.472250,-0.4816
0.472375,-0.6154
0.472500,1.5506
0.472625,1.3641
0.472750,-0.0853
0.472875,-0.7358
0.473000,-1.1370
0.473125,-0.9965
0.473250,-1.2173
0.473375,-1.0983
0.473500,-1.0005
0.473625,-0.9495
0.473750,1.0304
0.473875,-0.5957
0.474000,1.7469
0.474125,-0.0945
0.474250,0.3133
0.474375,-0.7798
0.474500,-0.5260
0.474625,-0.4091
0.474750,-0.5215
0.474875,0.5533
0.475000,-0.6973
0.475125,-0.5051
0.475250,-0.2511
0.475375,-1.0891
0.475500,0.9786
0.475625,-0.3783
0.475750,-1.2929
0.475875,-0.0026
0.476000,0.8853
0.476125,-0.0062
0.476250,-0.6114
0.476375,-0.5931
0.476500,-1.2194
0.476625,-1.3568
0.476750,-1.0004
0.476875,0.2255
0.477000,-1.3079
0.477125,0.0092
0.477250,-2.0017
0.477375,0.1985
0.477500,-0.3458
0.477625,1.0680
0.477750,0.0606
0.477875,0.5206
0.478000,-0.7902
0.478125,-0.3970
0.478250,0.9710
0.478375,1.4426
0.478500,1.1217
0.478625,0.1318
0.478750,0.1325
0.478875,2.2754
0.479000,0.0742
0.479125,1.2105
0.479250,-0.1544
0.479375,0.8566
0.479500,1.7035
0.479625,0.1423
0.479750,-0.7228
0.479875,0.6518
0.480000,-0.0393
0.480125,0.3985
0.480250,0.3445
0.480375,0.4038
0.480500,2.4716
0.480625,0.1288
0.480750,-0.5388
0.480875,-0.3970
0.481000,0.0657
0.481125,1.4267
0.481250,-0.1886
0.481375,0.6812
0.481500,1.0646
0.481625,1.0338
0.481750,-0.7718
0.481875,-1.0289
0.482000,-0.2201
0.482125,1.0349
0.482250,0.1617
0.482375,-0.1876
0.482500,-1.0265
0.482625,1.5354
0.482750,0.2914
0.482875,-0.2771
0.483000,-1.4057
0.483125,-0.8852
0.483250,0.2022
0.483375,1.1609
0.483500,-1.1583
0.483625,-0.6724
0.483750,-0.8747
0.483875,0.5817
0.484000,-0.4554
0.484125,0.7545
0.484250,-1.1938
0.484375,0.1972
0.484500,-0.4197
0.484625,-0.6228
0.484750,-0.7285
0.484875,-0.4181
0.485000,2.5535
0.485125,-0.2017
0.485250,1.4214
0.485375,-0.8613
0.485500,-1.4947
0.485625,-1.1772
0.485750,-1.1536
0.485875,0.4215
0.486000,-0.1024
0.486125,-0.3900
0.486250,-0.2691
0.486375,0.6354
0.486500,-0.4514
0.486625,-0.0096
0.486750,-1.3770
0.486875,-1.8257
0.487000,0.9085
0.487125,1.0788
0.487250,1.0538
0.487375,-0.5631
0.487500,1.3023
0.487625,-0.0243
0.487750,0.7380
0.487875,1.2559
0.488000,-0.0035
0.488125,2.4280
0.488250,1.8918
0.488375,0.2421
0.488500,-1.3346
0.488625,0.3620
0.488750,0.4860
0.488875,0.9920
0.489000,0.5583
0.489125,-0.3928
0.489250,0.0794
0.489375,-0.7425
0.489500,1.0214
0.489625,0.5418
0.489750,0.9187
0.489875,1.1707
0.490000,-0.1543
0.490125,-0.1174
0.490250,0.7282
0.490375,0.4213
0.490500,-0.2399
0.490625,1.1690
0.490750,0.1458
0.490875,-0.6321
0.491000,0.1055
0.491125,-1.9881
0.491250,-1.6205
0.491375,0.5843
0.491500,-0.4348
0.491625,0.0890
0.491750,-1.8407
0.491875,-0.5685
0.492000,1.1833
0.492125,-0.3164
0.492250,-0.5455
0.492375,-0.9404
0.492500,0.2802
0.492625,0.8483
0.492750,-0.2181
0.492875,0.6346
0.493000,0.6537
0.493125,0.1709
0.493250,1.1087
0.493375,-1.0500
0.493500,0.3602
0.493625,-0.2734
0.493750,-0.2822
0.493875,-0.1600
0.494000,-0.5462
0.494125,-0.9987
0.494250,-0.2746
0.494375,0.9475
0.494500,-2.3891
0.494625,-0.0376
0.494750,-0.7082
0.494875,-1.1162
0.495000,-0.6369
0.495125,-0.9482
0.495250,-0.8256
0.495375,0.1122
0.495500,-0.9237
0.495625,-1.2220
0.495750,0.3990
0.495875,0.5259
0.496000,0.0658
0.496125,-1.5957
0.496250,0.8827
0.496375,0.3843
0.496500,1.6853
0.496625,-0.1483
0.496750,1.9264
0.496875,1.4738
0.497000,0.5422
0.497125,1.2057
0.497250,1.0701
0.497375,-0.0599
0.497500,-0.6433
0.497625,0.9446
0.497750,0.9527
0.497875,-0.3593
0.498000,1.4977
0.498125,1.9946
0.498250,-0.1941
0.498375,-0.4570
0.498500,0.3659
0.498625,1.5480
0.498750,-0.7127
0.498875,0.5948
0.499000,0.5706
0.499125,0.5645
0.499250,-1.8452
0.499375,0.9853
0.499500,0.9054
0.499625,-1.4079
0.499750,1.4263
0.499875,-0.2134
