tempo_s,aceleracao_g
0.0000,2.0511
0.0005,-0.6221
0.0010,-0.7510
0.0015,1.2206
0.0020,1.0459
0.0025,2.0661
0.0030,0.3506
0.0035,1.5442
0.0040,1.9256
0.0045,1.3556
0.0050,-0.9795
0.0055,-0.4028
0.0060,0.5095
0.0065,0.3659
0.0070,2.1090
0.0075,0.0609
0.0080,1.5777
0.0085,0.3793
0.0090,1.7327
0.0095,-0.6085
0.0100,0.7567
0.0105,-0.3974
0.0110,1.9283
0.0115,1.6495
0.0120,0.9964
0.0125,3.0300
0.0130,1.0248
0.0135,-1.4917
0.0140,-0.0933
0.0145,0.7549
0.0150,1.5390
0.0155,0.9569
0.0160,-0.7469
0.0165,-0.1026
0.0170,1.6225
0.0175,-0.2384
0.0180,0.6053
0.0185,1.1521
0.0190,-0.7313
0.0195,0.0217
0.0200,-0.0934
0.0205,-1.9621
0.0210,1.2584
0.0215,-1.5286
0.0220,0.7791
0.0225,-1.1763
0.0230,-1.2156
0.0235,-0.5349
0.0240,-1.0764
0.0245,-2.6202
0.0250,0.1279
0.0255,-2.3600
0.0260,-0.3849
0.0265,-4.6280
0.0270,-1.0471
0.0275,-1.4592
0.0280,-2.2956
0.0285,-0.8047
0.0290,-1.8102
0.0295,-0.8671
0.0300,-1.6580
0.0305,-1.5908
0.0310,-0.6099
0.0315,-0.8217
0.0320,-1.1316
0.0325,-1.0705
0.0330,0.2152
0.0335,-0.0968
0.0340,-0.4246
0.0345,0.7978
0.0350,1.8988
0.0355,0.2932
0.0360,-0.0988
0.0365,0.0349
0.0370,1.7857
0.0375,0.0627
0.0380,1.8871
0.0385,0.1178
0.0390,1.6274
0.0395,0.3800
0.0400,-0.6765
0.0405,1.4695
0.0410,0.5449
0.0415,-0.4219
0.0420,1.1646
0.0425,1.9037
0.0430,-2.0629
0.0435,0.6870
0.0440,-0.4271
0.0445,-0.5106
0.0450,-0.7375
0.0455,0.0521
0.0460,1.0469
0.0465,-0.9360
0.0470,0.1764
0.0475,1.0665
0.0480,0.0213
0.0485,2.3474
0.0490,0.0012
0.0495,-0.8249
0.0500,-0.9628
0.0505,-0.2833
0.0510,-0.2482
0.0515,-1.1005
0.0520,1.3444
0.0525,-0.0078
0.0530,0.1293
0.0535,-1.5268
0.0540,-0.2350
0.0545,-0.2657
0.0550,-0.7451
0.0555,-1.8983
0.0560,0.8421
0.0565,-0.3209
0.0570,-1.5016
0.0575,-2.2722
0.0580,-0.7716
0.0585,-0.7867
0.0590,-0.7349
0.0595,-1.9749
0.0600,-0.8805
0.0605,-2.2447
0.0610,-1.3598
0.0615,-0.7731
0.0620,-1.0064
0.0625,-1.2395
0.0630,-2.4023
0.0635,0.8137
0.0640,-0.4329
0.0645,-1.9317
0.0650,0.2178
0.0655,-0.2340
0.0660,0.4485
0.0665,-0.1268
0.0670,1.6916
0.0675,-0.0381
0.0680,-2.1893
0.0685,0.8126
0.0690,1.0203
0.0695,0.6701
0.0700,0.8471
0.0705,-0.7299
0.0710,2.6226
0.0715,1.0393
0.0720,1.5872
0.0725,0.5239
0.0730,1.8567
0.0735,0.1575
0.0740,-1.2801
0.0745,0.0030
0.0750,-0.8293
0.0755,0.9827
0.0760,-0.3453
0.0765,0.0837
0.0770,-0.0056
0.0775,1.5725
0.0780,0.4970
0.0785,0.3026
0.0790,-0.4150
0.0795,0.3278
0.0800,0.0547
0.0805,1.2135
0.0810,0.6813
0.0815,1.2562
0.0820,-0.8522
0.0825,1.6469
0.0830,-1.1327
0.0835,0.5281
0.0840,0.6431
0.0845,2.4845
0.0850,-0.0379
0.0855,0.0391
0.0860,-1.2894
0.0865,-0.6199
0.0870,-1.0013
0.0875,-0.4635
0.0880,-0.4709
0.0885,-1.5005
0.0890,-2.7324
0.0895,-1.1877
0.0900,1.1772
0.0905,-0.5779
0.0910,-0.7378
0.0915,-0.9195
0.0920,-1.7580
0.0925,-1.1807
0.0930,-1.5622
0.0935,-1.1772
0.0940,0.0716
0.0945,-1.3170
0.0950,-0.4504
0.0955,-0.9821
0.0960,-1.0131
0.0965,0.1531
0.0970,-0.7357
0.0975,-0.5316
0.0980,-0.9759
0.0985,-1.2110
0.0990,-0.3247
0.0995,1.1514
0.1000,-0.4846
0.1005,0.2469
0.1010,0.5528
0.1015,-0.5732
0.1020,1.3511
0.1025,0.4667
0.1030,-0.7622
0.1035,1.8105
0.1040,1.8969
0.1045,0.6941
0.1050,1.4323
0.1055,-0.1217
0.1060,0.3194
0.1065,1.4680
0.1070,-0.8310
0.1075,0.9952
0.1080,0.7567
0.1085,-0.0125
0.1090,-0.1071
0.1095,0.9969
0.1100,1.4912
0.1105,-0.0084
0.1110,1.2628
0.1115,-1.0924
0.1120,1.6890
0.1125,0.7627
0.1130,-0.9590
0.1135,-0.4706
0.1140,1.5495
0.1145,-1.0201
0.1150,-0.3179
0.1155,-0.4605
0.1160,1.2176
0.1165,1.2332
0.1170,-0.1719
0.1175,0.0081
0.1180,-0.2297
0.1185,-0.6837
0.1190,0.0088
0.1195,-0.7227
0.1200,0.9228
0.1205,1.4305
0.1210,-1.3182
0.1215,0.1908
0.1220,-1.1219
0.1225,-0.5033
0.1230,-2.0500
0.1235,0.1541
0.1240,-1.4383
0.1245,-1.1519
0.1250,-0.9245
0.1255,-1.1057
0.1260,-1.1870
0.1265,-2.3063
0.1270,-1.8046
0.1275,-2.4310
0.1280,0.0090
0.1285,-0.7148
0.1290,-1.8469
0.1295,-0.7385
0.1300,-1.3961
0.1305,0.1656
0.1310,0.3439
0.1315,0.2598
0.1320,-0.7372
0.1325,2.3436
0.1330,1.3703
0.1335,1.1297
0.1340,-1.2560
0.1345,0.3486
0.1350,0.4927
0.1355,0.0804
0.1360,1.0083
0.1365,0.8031
0.1370,-0.0488
0.1375,0.9999
0.1380,0.6482
0.1385,1.2017
0.1390,1.6177
0.1395,1.1307
0.1400,1.7391
0.1405,1.1952
0.1410,1.0966
0.1415,1.8767
0.1420,2.0345
0.1425,2.3664
0.1430,-0.2179
0.1435,-0.1003
0.1440,1.9376
0.1445,-0.7782
0.1450,0.8460
0.1455,3.8801
0.1460,-1.1373
0.1465,-0.1582
0.1470,-0.8572
0.1475,0.6650
0.1480,0.1917
0.1485,-0.4626
0.1490,2.6104
0.1495,3.2117
0.1500,2.2868
0.1505,-1.7039
0.1510,-0.0755
0.1515,-0.6423
0.1520,0.5532
0.1525,-0.8501
0.1530,0.6092
0.1535,-1.6061
0.1540,-0.7289
0.1545,-2.1030
0.1550,-1.4068
0.1555,0.1871
0.1560,-2.2755
0.1565,-1.3679
0.1570,-0.7207
0.1575,-0.1318
0.1580,0.3531
0.1585,-0.3157
0.1590,0.5916
0.1595,-1.8090
0.1600,1.0195
0.1605,-0.5159
0.1610,-1.1834
0.1615,-1.1577
0.1620,-0.5581
0.1625,-2.7976
0.1630,-1.6510
0.1635,-0.4534
0.1640,-0.8364
0.1645,-0.5395
0.1650,0.4707
0.1655,1.3876
0.1660,-0.5642
0.1665,-0.2371
0.1670,-0.7674
0.1675,0.9892
0.1680,1.2686
0.1685,0.2297
0.1690,1.5259
0.1695,1.2586
0.1700,1.7484
0.1705,1.5778
0.1710,1.3091
0.1715,1.9323
0.1720,-0.0815
0.1725,1.8034
0.1730,1.3568
0.1735,0.6455
0.1740,0.7302
0.1745,1.2930
0.1750,-0.3331
0.1755,2.0050
0.1760,2.1182
0.1765,0.1012
0.1770,0.8482
0.1775,1.5355
0.1780,1.2112
0.1785,1.0311
0.1790,1.4425
0.1795,0.9229
0.1800,0.1091
0.1805,0.9230
0.1810,0.1091
0.1815,0.8496
0.1820,-1.0182
0.1825,1.3144
0.1830,0.6079
0.1835,-0.0544
0.1840,0.0596
0.1845,-1.0666
0.1850,-2.5564
0.1855,0.9290
0.1860,0.2263
0.1865,-1.2773
0.1870,0.6309
0.1875,-0.2472
0.1880,-1.3895
0.1885,-0.5037
0.1890,-2.0022
0.1895,-0.7829
0.1900,-0.5353
0.1905,-1.4071
0.1910,-0.4506
0.1915,-1.1937
0.1920,-3.3804
0.1925,-1.0143
0.1930,0.0073
0.1935,-2.0352
0.1940,-1.8504
0.1945,0.1146
0.1950,-1.4310
0.1955,-0.1133
0.1960,-1.3592
0.1965,-1.5071
0.1970,0.3560
0.1975,-0.5400
0.1980,-2.2494
0.1985,-1.3123
0.1990,0.7394
0.1995,1.5294
0.2000,-0.3119
0.2005,-0.8166
0.2010,2.2545
0.2015,0.6457
0.2020,0.9309
0.2025,1.5967
0.2030,1.5071
0.2035,0.8533
0.2040,1.6722
0.2045,2.0970
0.2050,2.3209
0.2055,1.4484
0.2060,2.8177
0.2065,0.5211
0.2070,0.6112
0.2075,1.7662
0.2080,-0.2652
0.2085,0.2109
0.2090,1.7340
0.2095,2.0444
0.2100,0.8396
0.2105,0.1428
0.2110,0.8170
0.2115,1.3638
0.2120,0.8845
0.2125,0.8781
0.2130,1.1046
0.2135,0.7481
0.2140,-0.0007
0.2145,1.7715
0.2150,0.4858
0.2155,-0.2251
0.2160,0.3263
0.2165,-0.0336
0.2170,0.7205
0.2175,-0.0740
0.2180,0.5420
0.2185,0.0830
0.2190,0.7688
0.2195,-1.3466
0.2200,0.1518
0.2205,-2.3164
0.2210,-0.6845
0.2215,-0.1187
0.2220,-1.1074
0.2225,-1.0121
0.2230,0.8755
0.2235,-1.7276
0.2240,-0.9283
0.2245,-0.6034
0.2250,-1.1266
0.2255,-1.4114
0.2260,-0.5041
0.2265,-1.6965
0.2270,-0.5288
0.2275,-1.8774
0.2280,-0.1565
0.2285,-1.4900
0.2290,-0.8009
0.2295,-1.9400
0.2300,-1.5180
0.2305,-0.6645
0.2310,-0.8267
0.2315,-1.2116
0.2320,0.9047
0.2325,-0.4430
0.2330,0.9163
0.2335,0.6322
0.2340,-0.3283
0.2345,1.3932
0.2350,-0.0731
0.2355,0.5546
0.2360,0.5720
0.2365,2.3990
0.2370,-0.7612
0.2375,-0.1980
0.2380,-2.2429
0.2385,1.2053
0.2390,-0.7853
0.2395,0.5947
0.2400,1.1900
0.2405,0.6363
0.2410,0.5643
0.2415,0.9738
0.2420,0.8616
0.2425,0.0147
0.2430,0.1783
0.2435,1.0022
0.2440,-0.6101
0.2445,0.9571
0.2450,1.4167
0.2455,1.4869
0.2460,1.3610
0.2465,-0.7373
0.2470,0.0443
0.2475,-0.7801
0.2480,0.3857
0.2485,-0.2695
0.2490,1.0725
0.2495,0.0676
0.2500,-0.1940
0.2505,0.3442
0.2510,0.9407
0.2515,0.9018
0.2520,-0.7095
0.2525,0.5738
0.2530,-0.8307
0.2535,0.6431
0.2540,-0.9508
0.2545,1.0210
0.2550,0.4031
0.2555,-0.6163
0.2560,-0.5665
0.2565,-2.4925
0.2570,-1.4300
0.2575,-2.1427
0.2580,-0.6908
0.2585,-0.8418
0.2590,-0.8764
0.2595,-1.0456
0.2600,0.3096
0.2605,-0.6584
0.2610,-1.6735
0.2615,-0.1442
0.2620,-1.4112
0.2625,1.1986
0.2630,0.5852
0.2635,-0.0270
0.2640,-2.2555
0.2645,-1.2562
0.2650,0.3100
0.2655,0.1386
0.2660,-1.2160
0.2665,-1.1598
0.2670,-0.0430
0.2675,-0.3025
0.2680,-1.1922
0.2685,-1.3825
0.2690,0.4578
0.2695,2.0406
0.2700,2.5412
0.2705,-0.1626
0.2710,0.0797
0.2715,1.3513
0.2720,1.0088
0.2725,0.1578
0.2730,2.1593
0.2735,2.4395
0.2740,0.6443
0.2745,0.6630
0.2750,0.9287
0.2755,0.8830
0.2760,1.1359
0.2765,0.7527
0.2770,0.3204
0.2775,0.4473
0.2780,0.9501
0.2785,-0.2315
0.2790,1.0302
0.2795,1.2593
0.2800,0.7608
0.2805,0.5006
0.2810,0.6967
0.2815,0.9618
0.2820,0.3632
0.2825,-0.6027
0.2830,1.7397
0.2835,0.8093
0.2840,-0.3200
0.2845,-0.0988
0.2850,1.5234
0.2855,-1.3853
0.2860,-0.9743
0.2865,-1.0983
0.2870,1.4850
0.2875,1.1643
0.2880,-0.7472
0.2885,0.0001
0.2890,0.3025
0.2895,-1.2678
0.2900,-0.0830
0.2905,-1.4796
0.2910,-0.6281
0.2915,-0.3826
0.2920,-1.7794
0.2925,-1.6207
0.2930,-1.2341
0.2935,-1.1485
0.2940,-2.1264
0.2945,-1.7462
0.2950,-2.3379
0.2955,-2.9650
0.2960,-0.7596
0.2965,-3.3447
0.2970,-1.0296
0.2975,-1.0223
0.2980,0.0992
0.2985,1.0672
0.2990,-0.1216
0.2995,-0.7712
0.3000,-0.5490
0.3005,-0.6053
0.3010,0.6012
0.3015,0.1413
0.3020,-0.9520
0.3025,0.7099
0.3030,-0.8863
0.3035,-0.2539
0.3040,-0.5594
0.3045,-0.9147
0.3050,2.1615
0.3055,0.8271
0.3060,2.4518
0.3065,0.6832
0.3070,0.1060
0.3075,3.3008
0.3080,1.5111
0.3085,2.4122
0.3090,-0.8329
0.3095,2.6753
0.3100,0.9723
0.3105,0.9875
0.3110,0.2496
0.3115,0.2652
0.3120,-1.5066
0.3125,0.8550
0.3130,-0.2499
0.3135,0.4732
0.3140,1.0394
0.3145,-0.1175
0.3150,-0.9218
0.3155,-0.0005
0.3160,-0.4939
0.3165,0.5865
0.3170,0.1413
0.3175,-0.8656
0.3180,-0.6304
0.3185,1.1865
0.3190,-1.5247
0.3195,-0.8200
0.3200,-1.3599
0.3205,0.7141
0.3210,0.0037
0.3215,-0.0870
0.3220,0.7968
0.3225,0.6637
0.3230,-1.1349
0.3235,-1.7763
0.3240,-2.0570
0.3245,-2.3278
0.3250,-1.1939
0.3255,-0.8261
0.3260,-2.8070
0.3265,-0.8007
0.3270,-1.3068
0.3275,-1.3493
0.3280,-1.7635
0.3285,0.4578
0.3290,-0.8156
0.3295,-2.0742
0.3300,-0.4749
0.3305,-1.8297
0.3310,-0.8717
0.3315,0.2905
0.3320,-0.7153
0.3325,0.0436
0.3330,0.9213
0.3335,0.1431
0.3340,-1.1880
0.3345,-0.3740
0.3350,1.4842
0.3355,0.8789
0.3360,0.1190
0.3365,1.6009
0.3370,0.1888
0.3375,1.9189
0.3380,-0.5992
0.3385,1.1921
0.3390,1.1083
0.3395,-0.3844
0.3400,-0.5509
0.3405,0.8036
0.3410,1.6519
0.3415,0.0364
0.3420,0.9930
0.3425,1.1141
0.3430,0.8955
0.3435,2.0100
0.3440,0.3899
0.3445,0.9071
0.3450,0.7250
0.3455,1.5748
0.3460,1.7975
0.3465,0.4023
0.3470,0.1754
0.3475,-0.1932
0.3480,1.7084
0.3485,0.2534
0.3490,1.9206
0.3495,0.7244
0.3500,-0.2075
0.3505,0.9439
0.3510,-0.4793
0.3515,-0.7021
0.3520,-1.0352
0.3525,-1.3841
0.3530,-0.1683
0.3535,0.2402
0.3540,-1.7293
0.3545,-1.3326
0.3550,-1.4738
0.3555,0.3990
0.3560,-0.0515
0.3565,-0.5842
0.3570,0.0256
0.3575,0.8320
0.3580,-1.0420
0.3585,-0.5554
0.3590,-2.0463
0.3595,-2.2908
0.3600,-2.0938
0.3605,-1.5015
0.3610,0.0943
0.3615,-2.1167
0.3620,-1.8148
0.3625,0.4992
0.3630,-0.6603
0.3635,1.6444
0.3640,-1.2510
0.3645,0.1356
0.3650,0.1062
0.3655,1.0231
0.3660,-0.9704
0.3665,-0.4010
0.3670,1.2817
0.3675,-0.8255
0.3680,-0.5834
0.3685,-0.0162
0.3690,0.2244
0.3695,2.4582
0.3700,-0.6441
0.3705,0.2777
0.3710,0.5671
0.3715,1.4525
0.3720,1.6079
0.3725,0.1062
0.3730,-0.1009
0.3735,1.4149
0.3740,1.4061
0.3745,1.0126
0.3750,1.4059
0.3755,0.7876
0.3760,2.1349
0.3765,-0.7418
0.3770,0.7378
0.3775,0.6511
0.3780,-0.3051
0.3785,1.2602
0.3790,-0.1493
0.3795,-0.0640
0.3800,0.0174
0.3805,0.1797
0.3810,-0.3129
0.3815,-0.2209
0.3820,0.4631
0.3825,-1.0435
0.3830,1.6342
0.3835,1.1517
0.3840,-1.4543
0.3845,-0.9718
0.3850,-1.6560
0.3855,-0.6147
0.3860,-0.9780
0.3865,0.0317
0.3870,-1.4303
0.3875,-0.9834
0.3880,-1.2222
0.3885,-1.3879
0.3890,-1.7105
0.3895,-1.2121
0.3900,-0.1495
0.3905,-0.5187
0.3910,-1.2909
0.3915,0.9557
0.3920,-0.4618
0.3925,-2.3417
0.3930,-1.4629
0.3935,-2.9813
0.3940,-1.0772
0.3945,-2.3993
0.3950,-1.8409
0.3955,-2.5292
0.3960,-1.9702
0.3965,-2.0109
0.3970,-0.8857
0.3975,-1.1692
0.3980,-0.1023
0.3985,0.8693
0.3990,-1.0645
0.3995,0.1057
0.4000,0.0300
0.4005,-1.1021
0.4010,2.2272
0.4015,-0.1722
0.4020,0.5920
0.4025,-0.0465
0.4030,0.2155
0.4035,-0.2552
0.4040,1.0331
0.4045,-0.2592
0.4050,0.5145
0.4055,1.2070
0.4060,0.8720
0.4065,0.6536
0.4070,1.8634
0.4075,-0.5448
0.4080,1.9378
0.4085,1.2375
0.4090,-1.1006
0.4095,-0.1688
0.4100,2.2716
0.4105,1.4413
0.4110,-0.0477
0.4115,-0.7956
0.4120,0.1728
0.4125,1.1188
0.4130,0.7073
0.4135,-0.2849
0.4140,-0.6580
0.4145,-0.7449
0.4150,0.8855
0.4155,0.1565
0.4160,-0.5638
0.4165,-2.1930
0.4170,-1.4802
0.4175,-1.0123
0.4180,-1.0146
0.4185,-1.1083
0.4190,-0.3620
0.4195,0.8098
0.4200,0.0066
0.4205,-0.2442
0.4210,0.1915
0.4215,0.1082
0.4220,-0.1009
0.4225,-2.0329
0.4230,0.4951
0.4235,0.2430
0.4240,0.0391
0.4245,-1.9746
0.4250,-1.7531
0.4255,-1.4386
0.4260,-1.1064
0.4265,-2.7475
0.4270,-0.9822
0.4275,-0.2138
0.4280,-1.5200
0.4285,-0.8863
0.4290,-0.6667
0.4295,-1.7429
0.4300,-0.3372
0.4305,-0.6250
0.4310,0.2769
0.4315,-0.3907
0.4320,0.5050
0.4325,-1.0107
0.4330,0.6344
0.4335,-0.0619
0.4340,-0.2492
0.4345,1.3818
0.4350,-0.5025
0.4355,0.4138
0.4360,-0.3768
0.4365,-0.0118
0.4370,1.8361
0.4375,1.1878
0.4380,0.5774
0.4385,1.2215
0.4390,2.8139
0.4395,1.5752
0.4400,1.7341
0.4405,1.4196
0.4410,-1.7162
0.4415,0.1440
0.4420,0.9699
0.4425,0.9201
0.4430,0.1865
0.4435,-0.4784
0.4440,-1.5000
0.4445,0.5069
0.4450,-0.1546
0.4455,-0.0609
0.4460,1.4492
0.4465,0.0396
0.4470,-0.7874
0.4475,-0.9850
0.4480,1.0736
0.4485,0.3930
0.4490,0.6434
0.4495,0.0173
0.4500,0.9140
0.4505,-0.2277
0.4510,-0.0458
0.4515,0.3284
0.4520,-1.7028
0.4525,-0.4458
0.4530,-1.5684
0.4535,1.0961
0.4540,-1.0688
0.4545,0.2355
0.4550,-0.5673
0.4555,-1.3965
0.4560,-0.7930
0.4565,-0.4741
0.4570,-1.5186
0.4575,0.1483
0.4580,0.2497
0.4585,-0.1811
0.4590,-1.3352
0.4595,-0.0301
0.4600,-0.1117
0.4605,0.6983
0.4610,-0.6441
0.4615,-2.2536
0.4620,-1.7763
0.4625,-1.6562
0.4630,-0.2301
0.4635,-1.7638
0.4640,-1.3066
0.4645,-0.1651
0.4650,-0.2532
0.4655,-0.7747
0.4660,-0.0309
0.4665,-0.1466
0.4670,2.5474
0.4675,0.8034
0.4680,1.5339
0.4685,-0.2360
0.4690,1.1787
0.4695,3.1944
0.4700,0.6688
0.4705,2.8845
0.4710,1.1297
0.4715,-0.3212
0.4720,-0.0001
0.4725,0.8596
0.4730,1.5775
0.4735,1.7273
0.4740,1.0644
0.4745,2.2701
0.4750,2.1651
0.4755,2.1262
0.4760,1.0949
0.4765,0.3728
0.4770,0.0110
0.4775,2.0104
0.4780,1.9188
0.4785,0.3340
0.4790,0.3759
0.4795,0.2226
0.4800,-1.1072
0.4805,-0.4021
0.4810,-0.6502
0.4815,-1.2599
0.4820,-1.0744
0.4825,1.0219
0.4830,-0.0938
0.4835,0.1644
0.4840,1.7475
0.4845,-0.3519
0.4850,-1.1453
0.4855,-0.2174
0.4860,-1.8930
0.4865,0.0025
0.4870,0.1720
0.4875,1.5107
0.4880,-1.2787
0.4885,0.2719
0.4890,-1.4770
0.4895,-1.7004
0.4900,-1.3059
0.4905,-1.7281
0.4910,-0.8651
0.4915,0.0894
0.4920,-2.3280
0.4925,-1.0912
0.4930,-1.5081
0.4935,-0.2139
0.4940,-2.6253
0.4945,-2.2053
0.4950,-0.6931
0.4955,-2.6434
0.4960,1.8869
0.4965,-2.4286
0.4970,-0.4534
0.4975,-0.3384
0.4980,-0.5690
0.4985,1.3777
0.4990,0.4022
0.4995,-1.2997
0.5000,-0.4203
0.5005,0.2232
0.5010,-0.4528
0.5015,-0.3024
0.5020,0.6823
0.5025,0.9839
0.5030,1.6995
0.5035,-1.0182
0.5040,2.0119
0.5045,-0.1862
0.5050,1.6616
0.5055,0.2961
0.5060,2.0120
0.5065,0.2328
0.5070,1.9279
0.5075,-0.3583
0.5080,0.7818
0.5085,1.2437
0.5090,1.5991
0.5095,-0.8488
0.5100,0.4674
0.5105,2.2862
0.5110,1.0423
0.5115,-1.2066
0.5120,0.6055
0.5125,1.0014
0.5130,-0.5788
0.5135,1.0978
0.5140,-0.5809
0.5145,0.6919
0.5150,0.1455
0.5155,-0.0247
0.5160,0.9697
0.5165,0.3077
0.5170,-1.2346
0.5175,0.3565
0.5180,-1.0179
0.5185,0.9160
0.5190,1.2394
0.5195,-0.8619
0.5200,0.2624
0.5205,-0.8219
0.5210,-1.5225
0.5215,-0.9096
0.5220,-1.8903
0.5225,-0.6570
0.5230,-0.1250
0.5235,-0.6027
0.5240,0.1322
0.5245,-0.7020
0.5250,-1.6204
0.5255,-0.6260
0.5260,-0.8109
0.5265,-2.6776
0.5270,-1.9093
0.5275,-1.4403
0.5280,-2.2873
0.5285,-0.3377
0.5290,-1.5138
0.5295,-0.2211
0.5300,-1.7988
0.5305,-1.2292
0.5310,0.4742
0.5315,1.6032
0.5320,0.3348
0.5325,1.9532
0.5330,-0.0358
0.5335,-1.2146
0.5340,-1.1465
0.5345,0.7197
0.5350,0.3361
0.5355,0.3692
0.5360,1.2918
0.5365,0.6125
0.5370,-0.5047
0.5375,1.6807
0.5380,0.0869
0.5385,0.1401
0.5390,0.8462
0.5395,0.3519
0.5400,2.2989
0.5405,2.0147
0.5410,0.1891
0.5415,0.0971
0.5420,2.4172
0.5425,-0.6356
0.5430,1.0376
0.5435,2.3535
0.5440,0.6969
0.5445,0.7668
0.5450,1.0965
0.5455,-0.0605
0.5460,1.8435
0.5465,0.3109
0.5470,-0.2143
0.5475,-0.6662
0.5480,0.4222
0.5485,2.4747
0.5490,-0.6788
0.5495,-0.5755
0.5500,0.4760
0.5505,1.1137
0.5510,0.7217
0.5515,0.0730
0.5520,-0.9120
0.5525,0.7130
0.5530,0.1398
0.5535,-1.0421
0.5540,1.7943
0.5545,-1.1052
0.5550,-2.2668
0.5555,-3.1651
0.5560,-1.2626
0.5565,-1.0497
0.5570,-2.5250
0.5575,0.4907
0.5580,-2.9468
0.5585,-0.9026
0.5590,-1.8152
0.5595,-1.1270
0.5600,-0.4199
0.5605,-1.2517
0.5610,-1.6466
0.5615,-0.2504
0.5620,-1.6427
0.5625,-0.7015
0.5630,-1.7155
0.5635,-0.6736
0.5640,-2.6780
0.5645,-2.0896
0.5650,-1.1462
0.5655,-0.9377
0.5660,1.6667
0.5665,-0.8251
0.5670,-1.0775
0.5675,1.0152
0.5680,1.7144
0.5685,0.9263
0.5690,1.4446
0.5695,2.8854
0.5700,-0.7890
0.5705,1.0159
0.5710,1.1126
0.5715,1.0189
0.5720,0.2250
0.5725,1.7130
0.5730,1.1776
0.5735,1.5034
0.5740,0.2633
0.5745,1.2851
0.5750,-0.2835
0.5755,0.5904
0.5760,0.3494
0.5765,-0.2538
0.5770,-0.2712
0.5775,-0.1808
0.5780,0.3942
0.5785,0.4664
0.5790,0.3416
0.5795,0.3150
0.5800,-0.2020
0.5805,0.9256
0.5810,0.6278
0.5815,0.2855
0.5820,0.6813
0.5825,-0.8503
0.5830,1.6802
0.5835,-1.0086
0.5840,1.3602
0.5845,-0.2099
0.5850,0.6258
0.5855,-1.4391
0.5860,0.1852
0.5865,0.8501
0.5870,-0.8861
0.5875,-2.9612
0.5880,-0.8868
0.5885,-0.4632
0.5890,-0.4439
0.5895,-0.1153
0.5900,0.4910
0.5905,-0.9342
0.5910,-2.7311
0.5915,-0.3521
0.5920,-1.9786
0.5925,-1.2249
0.5930,-2.0288
0.5935,-1.1014
0.5940,0.7080
0.5945,-2.6280
0.5950,-0.5828
0.5955,-2.0363
0.5960,0.1947
0.5965,-1.0104
0.5970,-0.4898
0.5975,-1.3801
0.5980,0.3347
0.5985,0.2717
0.5990,0.1424
0.5995,-1.1784
0.6000,0.3258
0.6005,0.8974
0.6010,-0.0914
0.6015,-0.2252
0.6020,1.3717
0.6025,0.3101
0.6030,-0.1398
0.6035,2.0952
0.6040,0.1946
0.6045,1.1907
0.6050,1.0712
0.6055,0.4320
0.6060,1.7314
0.6065,0.1821
0.6070,1.6566
0.6075,1.6647
0.6080,0.6919
0.6085,1.1612
0.6090,1.8007
0.6095,2.7472
0.6100,0.1713
0.6105,0.6926
0.6110,0.1357
0.6115,0.1585
0.6120,-0.2096
0.6125,0.1960
0.6130,-0.1223
0.6135,1.8137
0.6140,0.1255
0.6145,-0.7334
0.6150,-1.1138
0.6155,1.2489
0.6160,1.6012
0.6165,-0.9261
0.6170,-0.1495
0.6175,1.1224
0.6180,0.0444
0.6185,0.8289
0.6190,1.1753
0.6195,1.0064
0.6200,0.5091
0.6205,-1.0292
0.6210,-1.3483
0.6215,-0.4449
0.6220,-0.9941
0.6225,-1.1432
0.6230,-0.9731
0.6235,-0.3633
0.6240,-0.4980
0.6245,-0.9703
0.6250,-1.3815
0.6255,-0.3637
0.6260,-0.4550
0.6265,-1.9079
0.6270,-0.8635
0.6275,0.1140
0.6280,-0.7263
0.6285,-1.2840
0.6290,-0.4993
0.6295,-0.6274
0.6300,-1.9239
0.6305,-1.2340
0.6310,-0.3134
0.6315,-0.3327
0.6320,-1.3035
0.6325,-1.0475
0.6330,0.5027
0.6335,1.0238
0.6340,2.3330
0.6345,-0.9433
0.6350,0.9454
0.6355,0.2324
0.6360,1.2721
0.6365,0.3822
0.6370,0.4283
0.6375,2.6534
0.6380,2.7758
0.6385,-0.2692
0.6390,2.2663
0.6395,2.0143
0.6400,0.8009
0.6405,0.6796
0.6410,0.7107
0.6415,0.5132
0.6420,0.5192
0.6425,1.4442
0.6430,0.3033
0.6435,0.3221
0.6440,0.8859
0.6445,2.0630
0.6450,1.9950
0.6455,1.4169
0.6460,-0.3421
0.6465,0.3867
0.6470,0.6775
0.6475,-0.3251
0.6480,-0.8948
0.6485,-1.1038
0.6490,-0.0945
0.6495,-2.6425
0.6500,0.1691
0.6505,2.1903
0.6510,-0.1213
0.6515,-0.8118
0.6520,0.5520
0.6525,-0.0276
0.6530,-0.0297
0.6535,-0.6762
0.6540,-0.0468
0.6545,-1.0478
0.6550,-0.8342
0.6555,-1.5389
0.6560,-1.1553
0.6565,-0.5825
0.6570,-1.9307
0.6575,-1.4534
0.6580,-1.7716
0.6585,-2.7416
0.6590,-1.2963
0.6595,-2.2455
0.6600,-1.0903
0.6605,-1.5978
0.6610,0.6863
0.6615,-1.5186
0.6620,-0.2630
0.6625,-0.9469
0.6630,-0.5986
0.6635,0.4615
0.6640,-1.1771
0.6645,-0.0294
0.6650,0.0642
0.6655,1.3414
0.6660,0.1015
0.6665,-0.0834
0.6670,1.6961
0.6675,1.1724
0.6680,1.6006
0.6685,-0.8729
0.6690,1.0640
0.6695,0.7387
0.6700,1.5069
0.6705,0.0354
0.6710,1.4736
0.6715,0.8633
0.6720,2.8595
0.6725,1.2624
0.6730,1.0923
0.6735,0.3767
0.6740,1.7383
0.6745,1.8820
0.6750,1.2983
0.6755,0.9126
0.6760,-1.0007
0.6765,0.3472
0.6770,0.5955
0.6775,-0.7850
0.6780,0.7924
0.6785,-0.5403
0.6790,-0.7875
0.6795,1.2675
0.6800,2.4196
0.6805,1.4206
0.6810,0.9184
0.6815,0.0763
0.6820,1.6732
0.6825,-0.2172
0.6830,-0.5308
0.6835,1.1376
0.6840,-0.2498
0.6845,-0.1168
0.6850,0.1934
0.6855,-0.7380
0.6860,-0.9232
0.6865,-1.6510
0.6870,0.3211
0.6875,-0.3864
0.6880,-1.4460
0.6885,0.3234
0.6890,0.1828
0.6895,-0.9937
0.6900,-0.4154
0.6905,-0.3462
0.6910,-1.0385
0.6915,-1.0643
0.6920,-1.2686
0.6925,-1.8300
0.6930,-1.6089
0.6935,-0.9229
0.6940,-0.7823
0.6945,-2.4977
0.6950,-0.9628
0.6955,-1.2572
0.6960,-1.9989
0.6965,-0.2412
0.6970,-1.0936
0.6975,-0.5551
0.6980,-0.3983
0.6985,1.3685
0.6990,-1.2467
0.6995,-0.1538
0.7000,0.6908
0.7005,0.2524
0.7010,0.1377
0.7015,0.9451
0.7020,0.6050
0.7025,1.0001
0.7030,1.4876
0.7035,3.5370
0.7040,0.5726
0.7045,0.8215
0.7050,1.2376
0.7055,0.9623
0.7060,1.9954
0.7065,-0.2536
0.7070,1.6808
0.7075,-0.3859
0.7080,0.1574
0.7085,1.2669
0.7090,-0.0750
0.7095,-1.2283
0.7100,0.6538
0.7105,0.3610
0.7110,0.3198
0.7115,0.5159
0.7120,0.9468
0.7125,-0.4818
0.7130,-0.2843
0.7135,-0.7020
0.7140,2.4331
0.7145,0.7196
0.7150,-1.9423
0.7155,0.1253
0.7160,-1.0088
0.7165,-1.6465
0.7170,-0.7478
0.7175,0.0191
0.7180,-0.1592
0.7185,0.3645
0.7190,0.3932
0.7195,0.2570
0.7200,0.8551
0.7205,0.2182
0.7210,-0.3667
0.7215,0.3438
0.7220,-0.2650
0.7225,0.3762
0.7230,-1.8234
0.7235,-1.5817
0.7240,-1.0287
0.7245,0.8497
0.7250,-0.3610
0.7255,-2.1794
0.7260,-0.2089
0.7265,-1.3715
0.7270,-0.9957
0.7275,0.3203
0.7280,1.4396
0.7285,-0.4855
0.7290,-1.4561
0.7295,-0.6329
0.7300,-1.2972
0.7305,1.1398
0.7310,-0.9575
0.7315,-1.2765
0.7320,0.2728
0.7325,-2.1912
0.7330,-1.0669
0.7335,-0.8593
0.7340,0.1523
0.7345,0.8357
0.7350,0.3379
0.7355,-0.3290
0.7360,-0.1411
0.7365,1.4521
0.7370,0.1867
0.7375,1.3241
0.7380,2.2759
0.7385,1.3214
0.7390,0.8360
0.7395,2.0158
0.7400,0.9380
0.7405,2.3382
0.7410,1.4526
0.7415,0.8888
0.7420,-0.4584
0.7425,1.1276
0.7430,0.8036
0.7435,-0.1572
0.7440,0.8910
0.7445,1.1382
0.7450,-1.1742
0.7455,-0.9181
0.7460,0.1605
0.7465,0.3294
0.7470,-0.4685
0.7475,0.9027
0.7480,-0.6643
0.7485,0.3473
0.7490,-0.1640
0.7495,-0.1295
0.7500,-1.0315
0.7505,0.8740
0.7510,0.8749
0.7515,-0.1466
0.7520,-1.0587
0.7525,-1.6816
0.7530,-0.4729
0.7535,-2.0154
0.7540,-0.9526
0.7545,-0.0234
0.7550,-0.2008
0.7555,1.1000
0.7560,-1.6644
0.7565,0.0171
0.7570,-0.9995
0.7575,-1.7289
0.7580,-1.5811
0.7585,-0.8742
0.7590,-0.9234
0.7595,-1.7388
0.7600,-2.4277
0.7605,-1.6916
0.7610,-2.0831
0.7615,-2.0537
0.7620,-1.7978
0.7625,-1.6099
0.7630,-1.2963
0.7635,-1.9140
0.7640,-0.7907
0.7645,-1.9304
0.7650,0.0616
0.7655,-0.6885
0.7660,0.1161
0.7665,-1.8930
0.7670,2.6212
0.7675,-0.0516
0.7680,0.9357
0.7685,1.1601
0.7690,0.9463
0.7695,-0.5439
0.7700,0.6438
0.7705,-0.5258
0.7710,1.3774
0.7715,0.3677
0.7720,0.5139
0.7725,0.5942
0.7730,0.5243
0.7735,-0.4179
0.7740,1.1918
0.7745,0.0647
0.7750,0.3716
0.7755,0.9543
0.7760,0.2704
0.7765,1.6074
0.7770,-0.2950
0.7775,-0.1416
0.7780,0.2727
0.7785,-1.5417
0.7790,-0.9170
0.7795,0.7080
0.7800,-0.4319
0.7805,0.8085
0.7810,0.8621
0.7815,-0.0752
0.7820,-0.2296
0.7825,1.2341
0.7830,-0.3135
0.7835,0.8684
0.7840,1.3563
0.7845,-0.0968
0.7850,0.5917
0.7855,-1.0556
0.7860,0.3224
0.7865,-1.0329
0.7870,1.6583
0.7875,-0.3094
0.7880,-0.0996
0.7885,-1.4918
0.7890,0.0670
0.7895,-2.4777
0.7900,-0.8609
0.7905,-0.1455
0.7910,-0.7909
0.7915,-1.4920
0.7920,-1.5208
0.7925,-2.3343
0.7930,0.0559
0.7935,-0.7206
0.7940,1.2785
0.7945,-0.5635
0.7950,-0.1727
0.7955,-0.1750
0.7960,-0.8662
0.7965,0.8969
0.7970,-0.4194
0.7975,-2.3151
0.7980,-0.7889
0.7985,0.9628
0.7990,-0.3390
0.7995,0.0506
0.8000,0.5171
0.8005,1.1998
0.8010,-0.3993
0.8015,2.1852
0.8020,-0.2474
0.8025,-1.3595
0.8030,0.6842
0.8035,1.2149
0.8040,0.0100
0.8045,0.7938
0.8050,0.2311
0.8055,1.0410
0.8060,0.2049
0.8065,0.5167
0.8070,0.1256
0.8075,-0.0483
0.8080,2.2822
0.8085,0.2969
0.8090,-0.1483
0.8095,0.5660
0.8100,0.7935
0.8105,-0.2119
0.8110,0.6548
0.8115,1.2613
0.8120,0.8117
0.8125,1.5216
0.8130,1.7269
0.8135,1.2531
0.8140,0.6304
0.8145,0.4554
0.8150,1.1812
0.8155,-0.8800
0.8160,-0.8308
0.8165,0.4818
0.8170,0.8615
0.8175,0.2493
0.8180,0.7056
0.8185,-0.4072
0.8190,-0.2641
0.8195,-0.2854
0.8200,-0.6672
0.8205,-1.6393
0.8210,0.3676
0.8215,-1.2302
0.8220,0.9555
0.8225,-0.7712
0.8230,-0.0066
0.8235,-0.6254
0.8240,-0.1305
0.8245,-0.2483
0.8250,-1.6294
0.8255,-0.5603
0.8260,-1.2997
0.8265,-2.4152
0.8270,-2.8288
0.8275,-0.9890
0.8280,-0.7572
0.8285,-1.2302
0.8290,-2.2335
0.8295,-1.2358
0.8300,-0.9734
0.8305,-0.3787
0.8310,-0.7684
0.8315,-0.8476
0.8320,1.7960
0.8325,-0.2633
0.8330,-0.1815
0.8335,-1.2390
0.8340,0.4029
0.8345,2.0584
0.8350,0.2540
0.8355,-0.6945
0.8360,1.8909
0.8365,1.6331
0.8370,0.4972
0.8375,-0.1374
0.8380,0.3002
0.8385,2.2284
0.8390,1.6115
0.8395,-0.1448
0.8400,0.8653
0.8405,2.9394
0.8410,1.9860
0.8415,2.6087
0.8420,2.7504
0.8425,0.9002
0.8430,1.5307
0.8435,0.1072
0.8440,-0.8144
0.8445,0.2132
0.8450,-0.5975
0.8455,-0.2597
0.8460,-0.5307
0.8465,1.1008
0.8470,0.4818
0.8475,-1.7169
0.8480,0.4595
0.8485,-0.2968
0.8490,-1.3100
0.8495,2.2468
0.8500,0.9745
0.8505,0.8820
0.8510,-0.2521
0.8515,0.5475
0.8520,0.2266
0.8525,-0.3623
0.8530,0.5787
0.8535,-0.9645
0.8540,0.6342
0.8545,0.0906
0.8550,-0.3186
0.8555,-1.3481
0.8560,-1.3170
0.8565,-0.0905
0.8570,-3.5806
0.8575,-1.6552
0.8580,-1.4057
0.8585,-2.5793
0.8590,-0.7675
0.8595,-1.8506
0.8600,-1.3874
0.8605,-0.8879
0.8610,-0.4258
0.8615,-0.4728
0.8620,-1.1499
0.8625,-0.3280
0.8630,-0.6750
0.8635,-1.7252
0.8640,-0.9018
0.8645,0.6341
0.8650,-0.3970
0.8655,-1.2767
0.8660,-0.5445
0.8665,1.0480
0.8670,1.3455
0.8675,1.6111
0.8680,0.6977
0.8685,0.3011
0.8690,1.1647
0.8695,1.4551
0.8700,0.4423
0.8705,1.9829
0.8710,0.6000
0.8715,1.7555
0.8720,0.7776
0.8725,0.0415
0.8730,-0.4118
0.8735,-0.0880
0.8740,1.9664
0.8745,1.4780
0.8750,-1.2435
0.8755,-1.1569
0.8760,0.1233
0.8765,0.9490
0.8770,2.1620
0.8775,1.6743
0.8780,3.2614
0.8785,1.5164
0.8790,0.3569
0.8795,0.9089
0.8800,0.3255
0.8805,-0.7079
0.8810,0.0837
0.8815,-0.2024
0.8820,-0.9664
0.8825,1.5622
0.8830,0.0583
0.8835,-2.0436
0.8840,-0.5754
0.8845,-0.1580
0.8850,-1.1012
0.8855,0.6983
0.8860,1.2062
0.8865,0.6290
0.8870,0.2467
0.8875,0.1076
0.8880,-1.0111
0.8885,0.0866
0.8890,-0.0901
0.8895,-0.3742
0.8900,0.4993
0.8905,-1.6491
0.8910,-1.1287
0.8915,-2.2795
0.8920,0.4459
0.8925,-1.5301
0.8930,-0.3493
0.8935,-0.2872
0.8940,-0.0991
0.8945,-2.8697
0.8950,-1.8307
0.8955,-1.0018
0.8960,-2.2018
0.8965,-0.0485
0.8970,-1.3530
0.8975,0.4202
0.8980,-1.2867
0.8985,-0.8732
0.8990,-2.6238
0.8995,-0.2373
0.9000,-0.8006
0.9005,-0.8048
0.9010,0.7048
0.9015,-0.5584
0.9020,0.1153
0.9025,-0.4624
0.9030,0.1550
0.9035,-0.2975
0.9040,-0.0344
0.9045,0.2124
0.9050,1.0789
0.9055,1.5409
0.9060,1.7694
0.9065,1.5340
0.9070,0.8319
0.9075,-0.8835
0.9080,0.4213
0.9085,-0.6329
0.9090,0.5472
0.9095,1.0916
0.9100,0.3202
0.9105,0.7366
0.9110,0.8815
0.9115,-0.8071
0.9120,-0.0254
0.9125,-0.0596
0.9130,2.2772
0.9135,0.6335
0.9140,-0.2100
0.9145,0.7942
0.9150,-0.6519
0.9155,0.9222
0.9160,0.0482
0.9165,0.0878
0.9170,0.8569
0.9175,0.0601
0.9180,-0.3189
0.9185,-1.0023
0.9190,2.2769
0.9195,0.4322
0.9200,0.7599
0.9205,-1.0415
0.9210,0.2098
0.9215,0.1422
0.9220,-0.5895
0.9225,0.0254
0.9230,-2.4659
0.9235,0.8417
0.9240,-1.2588
0.9245,-1.0558
0.9250,0.4353
0.9255,-2.3416
0.9260,-0.7381
0.9265,0.5813
0.9270,-3.0831
0.9275,-0.3621
0.9280,1.2273
0.9285,-1.2633
0.9290,-0.2517
0.9295,-1.5425
0.9300,0.0478
0.9305,0.6312
0.9310,-2.3619
0.9315,-1.2847
0.9320,-0.6449
0.9325,1.3763
0.9330,-0.5538
0.9335,0.6370
0.9340,-0.1175
0.9345,-0.3237
0.9350,1.5262
0.9355,1.8610
0.9360,0.1504
0.9365,1.9069
0.9370,-0.1866
0.9375,-0.0168
0.9380,1.5375
0.9385,0.3276
0.9390,1.2391
0.9395,1.5216
0.9400,0.2014
0.9405,0.3999
0.9410,0.0440
0.9415,1.2524
0.9420,1.5393
0.9425,1.1343
0.9430,-0.8769
0.9435,1.2743
0.9440,0.2026
0.9445,0.9581
0.9450,1.1122
0.9455,0.8318
0.9460,0.8408
0.9465,-0.7637
0.9470,2.8993
0.9475,0.5723
0.9480,1.2399
0.9485,-0.8066
0.9490,0.5719
0.9495,0.0317
0.9500,-0.0576
0.9505,-0.6247
0.9510,-0.4639
0.9515,-0.4554
0.9520,-0.3485
0.9525,-1.8257
0.9530,-0.8165
0.9535,-1.2615
0.9540,-2.5440
0.9545,-0.4348
0.9550,0.7663
0.9555,-1.2150
0.9560,-1.1267
0.9565,-1.2517
0.9570,-0.4539
0.9575,-1.7865
0.9580,-1.1778
0.9585,-1.5184
0.9590,-1.1315
0.9595,-2.2857
0.9600,0.2671
0.9605,-1.4676
0.9610,-0.8565
0.9615,0.3628
0.9620,-1.2985
0.9625,0.2000
0.9630,-1.2345
0.9635,0.4061
0.9640,-0.2899
0.9645,-0.9363
0.9650,0.5549
0.9655,-0.5592
0.9660,-0.3447
0.9665,1.1131
0.9670,0.7412
0.9675,-0.3013
0.9680,0.8012
0.9685,0.0945
0.9690,-0.7291
0.9695,-0.3098
0.9700,1.2829
0.9705,0.9432
0.9710,1.1470
0.9715,0.0293
0.9720,-0.2140
0.9725,2.7213
0.9730,1.6850
0.9735,2.4178
0.9740,-0.0590
0.9745,0.7854
0.9750,1.6157
0.9755,1.3252
0.9760,0.7770
0.9765,1.4924
0.9770,-0.3238
0.9775,-0.2562
0.9780,-0.7397
0.9785,0.7743
0.9790,1.6770
0.9795,-0.9342
0.9800,0.6109
0.9805,-1.5331
0.9810,1.3330
0.9815,0.3940
0.9820,-0.0539
0.9825,0.8699
0.9830,-0.4350
0.9835,-0.7416
0.9840,0.5936
0.9845,0.0417
0.9850,0.3581
0.9855,-0.5353
0.9860,0.2475
0.9865,-1.6009
0.9870,-0.2271
0.9875,0.2325
0.9880,-0.8090
0.9885,-1.6206
0.9890,0.1108
0.9895,0.3632
0.9900,-1.9628
0.9905,-0.1718
0.9910,-1.2206
0.9915,-1.9368
0.9920,-0.7458
0.9925,-0.2500
0.9930,-1.8275
0.9935,-2.2934
0.9940,-0.4925
0.9945,-1.3344
0.9950,-0.4942
0.9955,-0.4576
0.9960,-1.8883
0.9965,-1.2693
0.9970,0.4669
0.9975,-0.3766
0.9980,-0.4595
0.9985,0.0953
0.9990,1.1764
0.9995,2.1605
1.0000,0.2706
1.0005,-1.1823
1.0010,0.2818
1.0015,1.5943
1.0020,0.7315
1.0025,0.2891
1.0030,1.4449
1.0035,-1.0182
1.0040,1.8031
1.0045,0.3770
1.0050,0.5883
1.0055,0.4633
1.0060,-0.5375
1.0065,-0.0553
1.0070,2.0775
1.0075,0.3174
1.0080,2.2053
1.0085,0.9928
1.0090,2.3544
1.0095,0.9265
1.0100,1.5133
1.0105,-0.9444
1.0110,2.0169
1.0115,-0.8393
1.0120,-0.0373
1.0125,0.9733
1.0130,0.0322
1.0135,-1.9430
1.0140,0.6282
1.0145,-1.2939
1.0150,2.2075
1.0155,0.0017
1.0160,0.2863
1.0165,-1.3316
1.0170,-1.5550
1.0175,0.9734
1.0180,-1.4007
1.0185,-1.0740
1.0190,-0.6040
1.0195,0.1954
1.0200,-0.2349
1.0205,-0.3126
1.0210,1.8313
1.0215,-1.5881
1.0220,-1.3005
1.0225,-2.2376
1.0230,-1.4814
1.0235,-3.0050
1.0240,-2.1762
1.0245,-2.2425
1.0250,-0.6800
1.0255,-2.4193
1.0260,-1.6133
1.0265,-2.0976
1.0270,0.2646
1.0275,-1.9532
1.0280,0.1534
1.0285,0.3809
1.0290,-1.0754
1.0295,-0.8538
1.0300,-1.2581
1.0305,-1.0680
1.0310,-0.0953
1.0315,-0.5769
1.0320,-0.7820
1.0325,-1.1230
1.0330,-0.7200
1.0335,-0.6540
1.0340,3.4342
1.0345,-0.4890
1.0350,0.9148
1.0355,-1.0705
1.0360,2.0400
1.0365,1.4930
1.0370,2.0775
1.0375,0.3281
1.0380,1.3523
1.0385,0.3685
1.0390,-0.4284
1.0395,1.8121
1.0400,1.8083
1.0405,1.8416
1.0410,-0.5546
1.0415,0.9989
1.0420,0.8449
1.0425,0.7981
1.0430,0.5641
1.0435,0.2085
1.0440,-0.9135
1.0445,2.3351
1.0450,-0.4019
1.0455,-0.0894
1.0460,0.9904
1.0465,0.8363
1.0470,0.7181
1.0475,0.1096
1.0480,1.6339
1.0485,0.7604
1.0490,0.9641
1.0495,2.5114
1.0500,-0.3474
1.0505,-0.9771
1.0510,-1.4812
1.0515,-0.7050
1.0520,0.5831
1.0525,-0.5667
1.0530,-1.0523
1.0535,-0.1200
1.0540,0.6612
1.0545,-1.6313
1.0550,-0.4499
1.0555,-0.7195
1.0560,-1.0860
1.0565,-0.7397
1.0570,-0.0873
1.0575,-0.0660
1.0580,-0.4286
1.0585,-0.9949
1.0590,-1.4889
1.0595,-1.4627
1.0600,-0.2618
1.0605,-1.1724
1.0610,-1.9062
1.0615,-3.2521
1.0620,-0.2826
1.0625,-2.1656
1.0630,-1.7711
1.0635,-0.9432
1.0640,0.5163
1.0645,-1.1062
1.0650,-1.0101
1.0655,0.8937
1.0660,-1.6115
1.0665,0.4489
1.0670,-0.3901
1.0675,-0.4037
1.0680,-0.0714
1.0685,1.5681
1.0690,1.6194
1.0695,-0.2104
1.0700,0.3952
1.0705,0.9532
1.0710,-0.1777
1.0715,1.5307
1.0720,1.2892
1.0725,0.7780
1.0730,1.9450
1.0735,0.3668
1.0740,0.9653
1.0745,1.2194
1.0750,1.0433
1.0755,1.6231
1.0760,0.5658
1.0765,2.1164
1.0770,-0.6224
1.0775,-0.1418
1.0780,1.3400
1.0785,1.7184
1.0790,0.7186
1.0795,0.3197
1.0800,1.3899
1.0805,0.5030
1.0810,-0.1625
1.0815,1.1780
1.0820,-0.6776
1.0825,-1.3807
1.0830,-0.9674
1.0835,-0.0657
1.0840,-0.5426
1.0845,-0.9527
1.0850,1.3474
1.0855,1.4256
1.0860,1.1404
1.0865,0.1044
1.0870,-0.9427
1.0875,0.0603
1.0880,-1.9745
1.0885,0.0116
1.0890,-2.5706
1.0895,-1.5465
1.0900,-0.8075
1.0905,-1.1548
1.0910,0.1028
1.0915,0.0939
1.0920,-1.0728
1.0925,-1.2147
1.0930,-1.1631
1.0935,-1.1981
1.0940,-0.4164
1.0945,0.0119
1.0950,-0.6519
1.0955,-1.9369
1.0960,-1.4644
1.0965,-1.7317
1.0970,-0.8726
1.0975,0.3300
1.0980,-2.8504
1.0985,-1.6238
1.0990,-0.5449
1.0995,-0.8057
1.1000,-0.9729
1.1005,0.1602
1.1010,-0.5034
1.1015,0.6019
1.1020,1.7268
1.1025,1.7255
1.1030,1.0367
1.1035,0.6811
1.1040,2.7254
1.1045,1.0109
1.1050,1.9484
1.1055,1.8709
1.1060,0.3509
1.1065,2.0393
1.1070,2.3336
1.1075,0.1077
1.1080,0.0127
1.1085,1.3023
1.1090,0.0707
1.1095,1.3242
1.1100,2.4214
1.1105,-0.8241
1.1110,-0.5092
1.1115,0.5129
1.1120,0.6116
1.1125,0.3595
1.1130,1.8478
1.1135,0.8486
1.1140,1.9675
1.1145,0.2778
1.1150,0.1897
1.1155,0.6608
1.1160,0.0132
1.1165,0.8685
1.1170,0.1146
1.1175,-1.9140
1.1180,-0.6237
1.1185,-1.1097
1.1190,-1.7972
1.1195,-1.0946
1.1200,-1.7203
1.1205,2.3618
1.1210,0.4092
1.1215,0.1088
1.1220,-1.6874
1.1225,1.3407
1.1230,-0.1342
1.1235,-2.2960
1.1240,-1.7367
1.1245,-0.2544
1.1250,-2.0703
1.1255,-0.8461
1.1260,0.3035
1.1265,-1.1463
1.1270,-0.6478
1.1275,-1.2693
1.1280,-0.2561
1.1285,-1.1109
1.1290,-2.0013
1.1295,0.1907
1.1300,-1.1465
1.1305,0.5496
1.1310,0.7694
1.1315,0.8663
1.1320,1.2528
1.1325,-0.7340
1.1330,2.0936
1.1335,-0.0630
1.1340,-0.7742
1.1345,-0.4339
1.1350,0.8972
1.1355,0.0381
1.1360,-0.8784
1.1365,1.0676
1.1370,1.2093
1.1375,-0.8703
1.1380,-0.0946
1.1385,2.4323
1.1390,0.7194
1.1395,1.5292
1.1400,2.6415
1.1405,0.4851
1.1410,1.8685
1.1415,1.1948
1.1420,-0.4405
1.1425,1.1893
1.1430,0.6250
1.1435,2.9430
1.1440,0.2162
1.1445,1.1745
1.1450,0.9986
1.1455,0.9786
1.1460,0.8858
1.1465,-0.2473
1.1470,-0.0634
1.1475,-1.0058
1.1480,-1.8097
1.1485,0.0511
1.1490,1.2111
1.1495,0.9621
1.1500,0.5435
1.1505,1.1739
1.1510,-1.3835
1.1515,-0.3259
1.1520,2.1843
1.1525,1.0324
1.1530,-1.0228
1.1535,0.5314
1.1540,-1.8540
1.1545,-1.4101
1.1550,-0.6817
1.1555,-0.2720
1.1560,-1.2373
1.1565,-1.4409
1.1570,-1.7485
1.1575,-1.1364
1.1580,-1.6149
1.1585,-3.1734
1.1590,-0.9257
1.1595,-1.7642
1.1600,-2.0995
1.1605,-1.9975
1.1610,-1.5803
1.1615,-0.5230
1.1620,0.6808
1.1625,-1.0583
1.1630,-1.1962
1.1635,-2.5245
1.1640,-0.4222
1.1645,-0.4064
1.1650,-0.2174
1.1655,-0.4860
1.1660,-0.4895
1.1665,0.9779
1.1670,1.2008
1.1675,0.2841
1.1680,-0.1366
1.1685,0.1930
1.1690,0.0434
1.1695,0.0421
1.1700,1.0919
1.1705,0.9336
1.1710,0.4431
1.1715,0.9010
1.1720,1.4933
1.1725,-1.1568
1.1730,1.5419
1.1735,0.7824
1.1740,0.4366
1.1745,0.9195
1.1750,-0.0072
1.1755,-0.5135
1.1760,-1.6580
1.1765,1.6340
1.1770,-0.5667
1.1775,1.2000
1.1780,1.5168
1.1785,1.5509
1.1790,1.7396
1.1795,-0.9589
1.1800,0.6014
1.1805,0.4422
1.1810,0.4616
1.1815,-0.3295
1.1820,-1.5542
1.1825,0.3844
1.1830,-0.1691
1.1835,0.1632
1.1840,1.1375
1.1845,-0.5687
1.1850,-0.4535
1.1855,0.3287
1.1860,1.4651
1.1865,0.6331
1.1870,-1.5450
1.1875,-0.3790
1.1880,-1.1256
1.1885,-0.7574
1.1890,-0.7466
1.1895,-0.0758
1.1900,-0.4238
1.1905,-2.7384
1.1910,-0.2606
1.1915,-2.9691
1.1920,-1.3281
1.1925,-0.1021
1.1930,-0.9013
1.1935,-2.2647
1.1940,-0.6125
1.1945,-0.6358
1.1950,0.5677
1.1955,-2.1910
1.1960,-0.3451
1.1965,-1.3013
1.1970,-0.2046
1.1975,0.3793
1.1980,-1.5010
1.1985,-0.4115
1.1990,-0.4558
1.1995,-0.1917
1.2000,-0.4392
1.2005,-0.8426
1.2010,-0.4478
1.2015,-0.0622
1.2020,0.0040
1.2025,1.0954
1.2030,-0.7707
1.2035,1.3266
1.2040,1.2041
1.2045,0.3462
1.2050,1.2923
1.2055,-0.0599
1.2060,2.9594
1.2065,2.5308
1.2070,2.3440
1.2075,2.3650
1.2080,-0.6772
1.2085,1.6606
1.2090,0.5112
1.2095,0.2235
1.2100,0.6048
1.2105,-0.4704
1.2110,-0.4022
1.2115,-0.1040
1.2120,3.1243
1.2125,-0.2316
1.2130,0.3681
1.2135,0.6123
1.2140,1.7539
1.2145,2.0304
1.2150,0.9872
1.2155,0.8119
1.2160,1.0497
1.2165,-0.3767
1.2170,-0.0537
1.2175,-0.1894
1.2180,-0.5312
1.2185,-0.0283
1.2190,-1.0658
1.2195,-1.5680
1.2200,0.6472
1.2205,-0.8807
1.2210,-0.6788
1.2215,0.7259
1.2220,-1.1645
1.2225,-0.9469
1.2230,-1.4667
1.2235,-1.1047
1.2240,0.6029
1.2245,-1.8281
1.2250,-1.3807
1.2255,-0.7768
1.2260,1.2162
1.2265,-2.2913
1.2270,-0.4028
1.2275,0.2813
1.2280,-0.1351
1.2285,-1.3398
1.2290,0.0096
1.2295,-2.6560
1.2300,-3.4070
1.2305,0.5960
1.2310,-0.6722
1.2315,-0.8888
1.2320,0.4132
1.2325,-0.7602
1.2330,-0.6697
1.2335,-0.7253
1.2340,-1.0619
1.2345,1.0244
1.2350,0.4977
1.2355,0.4119
1.2360,0.2261
1.2365,0.6747
1.2370,0.2822
1.2375,-0.5013
1.2380,-0.8850
1.2385,1.5982
1.2390,0.7565
1.2395,1.1485
1.2400,0.5176
1.2405,2.0871
1.2410,0.5485
1.2415,1.1369
1.2420,2.7312
1.2425,2.7531
1.2430,0.8602
1.2435,-0.3825
1.2440,0.9957
1.2445,1.4759
1.2450,1.5107
1.2455,-0.3479
1.2460,1.1660
1.2465,0.2028
1.2470,-0.3241
1.2475,2.1292
1.2480,1.1020
1.2485,0.4218
1.2490,1.2188
1.2495,1.8681
1.2500,-1.0901
1.2505,-0.2271
1.2510,0.3732
1.2515,0.0021
1.2520,0.4646
1.2525,1.1603
1.2530,-0.2119
1.2535,-0.2447
1.2540,0.1707
1.2545,0.2516
1.2550,-0.6943
1.2555,-0.4712
1.2560,-0.1151
1.2565,-0.4155
1.2570,0.1763
1.2575,-3.3067
1.2580,-1.4075
1.2585,-2.3315
1.2590,-1.3296
1.2595,-2.3772
1.2600,-1.5103
1.2605,0.2445
1.2610,-1.1009
1.2615,-0.4851
1.2620,0.4321
1.2625,-0.7748
1.2630,-1.1491
1.2635,-0.7832
1.2640,-0.1571
1.2645,-1.3780
1.2650,-1.3428
1.2655,-0.5094
1.2660,-2.1488
1.2665,-0.6756
1.2670,-0.9809
1.2675,0.5354
1.2680,0.7622
1.2685,-0.2248
1.2690,0.5963
1.2695,2.2091
1.2700,0.4374
1.2705,-0.3549
1.2710,1.0335
1.2715,3.1727
1.2720,2.6887
1.2725,2.3121
1.2730,0.1582
1.2735,0.9448
1.2740,0.0725
1.2745,0.7927
1.2750,0.6606
1.2755,0.4501
1.2760,-0.1097
1.2765,0.6449
1.2770,0.9786
1.2775,1.6810
1.2780,0.0369
1.2785,0.4194
1.2790,0.9718
1.2795,2.0614
1.2800,1.7444
1.2805,0.9527
1.2810,1.0940
1.2815,0.7046
1.2820,1.2430
1.2825,-0.4948
1.2830,-0.3028
1.2835,-0.1742
1.2840,-0.4963
1.2845,0.0464
1.2850,-0.6625
1.2855,-1.0028
1.2860,-1.0057
1.2865,-0.8434
1.2870,-0.6693
1.2875,-0.8079
1.2880,0.9891
1.2885,-1.2283
1.2890,0.9165
1.2895,-0.8454
1.2900,-1.5023
1.2905,0.4214
1.2910,-0.7188
1.2915,-0.5161
1.2920,-0.2178
1.2925,-1.0655
1.2930,-1.8787
1.2935,-1.2586
1.2940,-2.2145
1.2945,-2.1468
1.2950,-0.9358
1.2955,-0.9181
1.2960,-1.1658
1.2965,-0.9238
1.2970,-0.8914
1.2975,0.2923
1.2980,-0.1721
1.2985,-0.6532
1.2990,0.3222
1.2995,0.6113
1.3000,-0.9295
1.3005,-0.2904
1.3010,0.2162
1.3015,1.1106
1.3020,1.8115
1.3025,0.5152
1.3030,0.3113
1.3035,0.8990
1.3040,1.0319
1.3045,0.8568
1.3050,1.9045
1.3055,1.7576
1.3060,0.2129
1.3065,-0.8300
1.3070,2.4000
1.3075,1.5075
1.3080,1.0920
1.3085,0.3785
1.3090,1.5638
1.3095,1.3729
1.3100,1.0703
1.3105,0.2872
1.3110,2.5776
1.3115,0.5371
1.3120,-0.7133
1.3125,1.2745
1.3130,0.9607
1.3135,0.8132
1.3140,-0.0792
1.3145,1.2557
1.3150,-0.4929
1.3155,-1.4694
1.3160,-1.4034
1.3165,-0.3996
1.3170,0.0144
1.3175,-0.6194
1.3180,0.8944
1.3185,-0.3853
1.3190,-0.5118
1.3195,0.6366
1.3200,0.3463
1.3205,-1.0793
1.3210,-0.3289
1.3215,-0.9456
1.3220,-0.7729
1.3225,-0.4359
1.3230,0.2376
1.3235,-2.4812
1.3240,-1.3149
1.3245,-1.3966
1.3250,-1.6261
1.3255,0.7091
1.3260,0.1575
1.3265,-0.2166
1.3270,-4.0902
1.3275,-1.2595
1.3280,-0.9665
1.3285,-2.2153
1.3290,-0.1920
1.3295,-0.5597
1.3300,-1.0492
1.3305,-1.5069
1.3310,-1.5583
1.3315,0.0207
1.3320,-0.0245
1.3325,-0.4038
1.3330,-0.6632
1.3335,-1.9379
1.3340,0.1077
1.3345,-0.0056
1.3350,-0.1334
1.3355,1.6044
1.3360,1.4624
1.3365,2.9012
1.3370,-0.7072
1.3375,0.3884
1.3380,3.8972
1.3385,0.7398
1.3390,0.5670
1.3395,1.3121
1.3400,1.2085
1.3405,-0.3140
1.3410,-0.0090
1.3415,-1.7297
1.3420,1.0460
1.3425,1.6481
1.3430,1.2721
1.3435,-0.1295
1.3440,-0.4927
1.3445,0.4020
1.3450,-0.3372
1.3455,1.5393
1.3460,-0.1676
1.3465,0.2695
1.3470,-0.3068
1.3475,0.3649
1.3480,1.4752
1.3485,-0.4944
1.3490,1.4013
1.3495,2.7096
1.3500,0.4770
1.3505,-2.2522
1.3510,0.2604
1.3515,0.0852
1.3520,-1.2799
1.3525,-1.3757
1.3530,-0.8589
1.3535,-0.6280
1.3540,1.0960
1.3545,-2.1508
1.3550,-0.8570
1.3555,1.2946
1.3560,-1.4685
1.3565,-2.5357
1.3570,-0.6963
1.3575,-3.0565
1.3580,-1.0958
1.3585,-0.3745
1.3590,-2.1755
1.3595,-1.4224
1.3600,0.2935
1.3605,-1.0025
1.3610,-0.6600
1.3615,-1.3204
1.3620,-1.0961
1.3625,-1.4396
1.3630,-1.3159
1.3635,-0.4898
1.3640,-0.1490
1.3645,-0.7351
1.3650,0.7509
1.3655,-0.6596
1.3660,0.1878
1.3665,0.1929
1.3670,1.5755
1.3675,2.0910
1.3680,0.6386
1.3685,0.5395
1.3690,-0.1404
1.3695,1.9410
1.3700,1.1707
1.3705,-1.4447
1.3710,-1.8788
1.3715,0.1760
1.3720,-0.7291
1.3725,3.1115
1.3730,1.2899
1.3735,0.7884
1.3740,0.6915
1.3745,1.1688
1.3750,1.3062
1.3755,0.4775
1.3760,1.7926
1.3765,2.3021
1.3770,1.2351
1.3775,1.7378
1.3780,-0.4125
1.3785,-1.5369
1.3790,-0.0180
1.3795,1.2158
1.3800,1.0181
1.3805,1.4935
1.3810,0.1461
1.3815,-0.0877
1.3820,0.9934
1.3825,-0.5185
1.3830,1.4764
1.3835,0.0408
1.3840,-0.4267
1.3845,0.5557
1.3850,-0.8250
1.3855,0.4228
1.3860,0.5605
1.3865,-0.7510
1.3870,-0.8522
1.3875,0.2127
1.3880,0.2531
1.3885,-0.3479
1.3890,-1.3203
1.3895,-0.1948
1.3900,-0.7544
1.3905,0.8306
1.3910,-0.1767
1.3915,-0.1061
1.3920,-0.7871
1.3925,-1.2264
1.3930,-1.1310
1.3935,-2.0646
1.3940,-0.3986
1.3945,-0.7016
1.3950,-0.5622
1.3955,-0.3406
1.3960,-1.1660
1.3965,-1.5957
1.3970,-1.4548
1.3975,-0.7194
1.3980,-2.1775
1.3985,-2.3770
1.3990,-0.5996
1.3995,-1.2403
1.4000,0.0791
1.4005,-0.6069
1.4010,0.3590
1.4015,-0.9018
1.4020,-0.1933
1.4025,-0.4742
1.4030,0.1239
1.4035,0.4691
1.4040,0.2609
1.4045,0.6454
1.4050,0.9253
1.4055,-0.9354
1.4060,-0.2720
1.4065,1.4387
1.4070,1.2572
1.4075,0.4461
1.4080,0.9806
1.4085,0.3597
1.4090,0.5418
1.4095,1.1377
1.4100,1.0319
1.4105,2.3233
1.4110,0.6402
1.4115,0.2906
1.4120,-0.0092
1.4125,0.3475
1.4130,0.7089
1.4135,-0.5348
1.4140,0.2936
1.4145,0.0344
1.4150,1.8453
1.4155,-0.2284
1.4160,-0.1310
1.4165,-0.8130
1.4170,0.9078
1.4175,0.1896
1.4180,-0.9229
1.4185,-0.1280
1.4190,-1.0243
1.4195,-1.1839
1.4200,1.2017
1.4205,0.7146
1.4210,0.1243
1.4215,-0.3941
1.4220,-2.6012
1.4225,-1.7800
1.4230,0.6964
1.4235,-1.3665
1.4240,0.8576
1.4245,-2.7992
1.4250,-2.0274
1.4255,-1.4033
1.4260,-0.4979
1.4265,-0.8516
1.4270,-2.2483
1.4275,-1.3053
1.4280,0.5026
1.4285,-2.3802
1.4290,-1.5659
1.4295,-1.2222
1.4300,-0.7124
1.4305,0.6563
1.4310,-0.3737
1.4315,0.7610
1.4320,0.2104
1.4325,-0.6996
1.4330,1.3448
1.4335,1.6531
1.4340,0.3158
1.4345,-2.1200
1.4350,0.3716
1.4355,0.8452
1.4360,1.3930
1.4365,0.7705
1.4370,1.1081
1.4375,0.9694
1.4380,1.7892
1.4385,1.7134
1.4390,1.8859
1.4395,0.3485
1.4400,2.3225
1.4405,1.6725
1.4410,1.3221
1.4415,0.7062
1.4420,0.8697
1.4425,0.0443
1.4430,-0.1754
1.4435,0.6692
1.4440,0.8163
1.4445,-0.2235
1.4450,0.8216
1.4455,0.4339
1.4460,-0.2545
1.4465,-0.2194
1.4470,0.0935
1.4475,-0.5142
1.4480,-0.5428
1.4485,-0.0594
1.4490,1.8417
1.4495,-0.4065
1.4500,0.3950
1.4505,-0.0214
1.4510,-1.0306
1.4515,-1.2127
1.4520,-0.8173
1.4525,-0.6266
1.4530,0.2888
1.4535,-2.2273
1.4540,0.4952
1.4545,-0.5430
1.4550,-0.9320
1.4555,-0.3058
1.4560,-1.5696
1.4565,-1.2753
1.4570,-0.6929
1.4575,-1.6540
1.4580,0.2076
1.4585,0.3624
1.4590,0.6389
1.4595,-0.2027
1.4600,-1.4439
1.4605,0.1559
1.4610,-2.9439
1.4615,-0.6359
1.4620,-0.3854
1.4625,0.5066
1.4630,-1.1848
1.4635,-3.0363
1.4640,-0.5113
1.4645,-1.1060
1.4650,-0.6856
1.4655,1.1977
1.4660,-1.4325
1.4665,-0.3895
1.4670,0.8080
1.4675,3.5346
1.4680,1.4048
1.4685,-0.1797
1.4690,0.4972
1.4695,1.2347
1.4700,-0.3432
1.4705,1.0158
1.4710,0.7332
1.4715,1.5479
1.4720,0.9722
1.4725,2.2467
1.4730,1.4494
1.4735,0.5607
1.4740,0.5299
1.4745,1.3528
1.4750,0.2862
1.4755,1.7781
1.4760,0.7788
1.4765,2.8304
1.4770,1.0144
1.4775,0.2784
1.4780,-0.0183
1.4785,1.6419
1.4790,0.0355
1.4795,-1.1603
1.4800,-0.1713
1.4805,1.7851
1.4810,1.7377
1.4815,-0.3559
1.4820,-0.5112
1.4825,-0.2331
1.4830,1.0321
1.4835,-1.2064
1.4840,0.3381
1.4845,0.3002
1.4850,-0.0392
1.4855,-1.5299
1.4860,1.0518
1.4865,-1.6981
1.4870,-0.8399
1.4875,-1.1388
1.4880,-2.2043
1.4885,-0.2270
1.4890,-0.1795
1.4895,-0.9473
1.4900,-0.2487
1.4905,0.5209
1.4910,-1.2750
1.4915,-1.6114
1.4920,-2.6032
1.4925,-1.1156
1.4930,-1.3621
1.4935,-0.9450
1.4940,0.1519
1.4945,-2.4735
1.4950,-2.8819
1.4955,-0.4128
1.4960,-1.5105
1.4965,0.8891
1.4970,-0.7491
1.4975,-0.6643
1.4980,-0.9224
1.4985,-1.8677
1.4990,-0.8078
1.4995,0.4494
1.5000,-1.0776
1.5005,-1.3604
1.5010,1.4429
1.5015,0.8702
1.5020,0.7025
1.5025,1.9568
1.5030,0.5230
1.5035,1.0267
1.5040,2.3852
1.5045,0.0732
1.5050,0.4941
1.5055,0.4231
1.5060,1.3134
1.5065,1.7868
1.5070,0.1495
1.5075,1.6160
1.5080,-0.5732
1.5085,0.3336
1.5090,1.1622
1.5095,1.3686
1.5100,-0.5370
1.5105,0.1320
1.5110,0.1643
1.5115,-0.1714
1.5120,-0.6999
1.5125,-0.8895
1.5130,0.1458
1.5135,0.7373
1.5140,0.2511
1.5145,0.2351
1.5150,-0.0711
1.5155,0.9793
1.5160,1.6013
1.5165,0.8972
1.5170,0.6373
1.5175,-1.8308
1.5180,0.9503
1.5185,-0.1604
1.5190,-0.6967
1.5195,-0.9294
1.5200,-0.5709
1.5205,-0.6813
1.5210,-1.1335
1.5215,0.2506
1.5220,-1.0930
1.5225,-1.3576
1.5230,-1.2810
1.5235,-2.1997
1.5240,-0.4236
1.5245,-0.3473
1.5250,-0.9430
1.5255,-1.3955
1.5260,-1.5305
1.5265,-1.0574
1.5270,-0.1575
1.5275,-2.0455
1.5280,-0.8899
1.5285,-0.4864
1.5290,-1.7109
1.5295,-1.0532
1.5300,-1.2340
1.5305,-1.1032
1.5310,-0.3433
1.5315,0.4625
1.5320,-1.1693
1.5325,0.5655
1.5330,0.9861
1.5335,0.5113
1.5340,0.2837
1.5345,0.4514
1.5350,1.2910
1.5355,2.0640
1.5360,0.5993
1.5365,1.9982
1.5370,-0.1085
1.5375,1.5869
1.5380,0.3431
1.5385,1.3432
1.5390,1.4180
1.5395,1.1023
1.5400,0.6312
1.5405,0.9851
1.5410,0.0021
1.5415,2.2551
1.5420,2.0282
1.5425,0.1165
1.5430,2.4385
1.5435,0.9942
1.5440,0.6895
1.5445,1.3862
1.5450,-0.2559
1.5455,1.0862
1.5460,0.0824
1.5465,0.0645
1.5470,0.9173
1.5475,0.3332
1.5480,-0.3208
1.5485,0.2084
1.5490,-0.8638
1.5495,-0.6987
1.5500,1.3315
1.5505,-0.2277
1.5510,1.8560
1.5515,-0.6625
1.5520,0.0949
1.5525,1.5461
1.5530,0.5158
1.5535,0.4567
1.5540,-1.6838
1.5545,-0.5561
1.5550,0.6209
1.5555,-1.9081
1.5560,1.7131
1.5565,-1.1647
1.5570,-1.6516
1.5575,-0.9671
1.5580,-0.1238
1.5585,1.4392
1.5590,-1.9274
1.5595,-1.0797
1.5600,-2.5005
1.5605,-0.6261
1.5610,-1.2810
1.5615,-0.5574
1.5620,-1.0430
1.5625,-1.5977
1.5630,-1.1712
1.5635,1.0073
1.5640,0.5734
1.5645,-0.5249
1.5650,-2.3345
1.5655,-1.2925
1.5660,-0.2647
1.5665,-1.5681
1.5670,0.3931
1.5675,-0.0787
1.5680,1.5535
1.5685,1.3638
1.5690,0.7453
1.5695,-0.2626
1.5700,1.0198
1.5705,1.3475
1.5710,1.9607
1.5715,4.3272
1.5720,1.8335
1.5725,2.1555
1.5730,1.9079
1.5735,-1.1843
1.5740,2.2106
1.5745,0.6535
1.5750,0.5536
1.5755,0.1845
1.5760,-0.1053
1.5765,1.8822
1.5770,0.2970
1.5775,0.4994
1.5780,1.5960
1.5785,0.4133
1.5790,2.4400
1.5795,-0.1807
1.5800,-0.9797
1.5805,0.2514
1.5810,0.9469
1.5815,2.0925
1.5820,1.0924
1.5825,-0.2486
1.5830,0.0397
1.5835,-1.3381
1.5840,-0.4163
1.5845,-0.0797
1.5850,0.1203
1.5855,0.0409
1.5860,-0.4025
1.5865,-0.0486
1.5870,1.3971
1.5875,1.5576
1.5880,-0.9766
1.5885,0.9845
1.5890,-0.6099
1.5895,-1.1911
1.5900,-0.3387
1.5905,-0.1268
1.5910,-1.5365
1.5915,-0.4835
1.5920,-2.0608
1.5925,-0.4212
1.5930,-1.1045
1.5935,-2.1928
1.5940,-1.5433
1.5945,-0.9835
1.5950,-1.4501
1.5955,-0.7632
1.5960,-1.6363
1.5965,-1.0869
1.5970,-0.5156
1.5975,0.4938
1.5980,1.4329
1.5985,-0.3255
1.5990,-0.6924
1.5995,0.9806
1.6000,-0.3803
1.6005,0.9931
1.6010,0.3840
1.6015,-1.1958
1.6020,2.1284
1.6025,1.6587
1.6030,1.5666
1.6035,-0.7463
1.6040,-0.4744
1.6045,0.2537
1.6050,2.4361
1.6055,3.8076
1.6060,0.6618
1.6065,0.8361
1.6070,2.7908
1.6075,-0.4969
1.6080,0.9837
1.6085,0.9718
1.6090,-0.3776
1.6095,0.9004
1.6100,3.2435
1.6105,-1.4797
1.6110,-0.5342
1.6115,-0.0932
1.6120,0.4804
1.6125,-1.2624
1.6130,1.1959
1.6135,-0.9436
1.6140,0.4905
1.6145,-0.7307
1.6150,-0.4552
1.6155,0.3760
1.6160,0.3167
1.6165,0.5540
1.6170,0.6645
1.6175,0.9183
1.6180,-0.0501
1.6185,-1.1318
1.6190,0.4242
1.6195,0.1916
1.6200,-1.2636
1.6205,-0.6099
1.6210,-3.0927
1.6215,-0.2708
1.6220,-0.7028
1.6225,-0.0745
1.6230,-3.1866
1.6235,-1.0154
1.6240,-1.3636
1.6245,-1.0691
1.6250,-0.7742
1.6255,-0.5256
1.6260,-0.9417
1.6265,-1.0227
1.6270,0.0124
1.6275,-0.9991
1.6280,-0.2761
1.6285,-1.9695
1.6290,-0.5048
1.6295,-2.1590
1.6300,-0.0983
1.6305,-0.8775
1.6310,0.3719
1.6315,-1.9078
1.6320,-1.0077
1.6325,0.0023
1.6330,-0.3457
1.6335,-0.9171
1.6340,-0.0462
1.6345,0.0924
1.6350,0.5486
1.6355,0.9138
1.6360,0.0600
1.6365,0.7414
1.6370,0.5425
1.6375,-0.3531
1.6380,0.4502
1.6385,2.1746
1.6390,2.1990
1.6395,-0.1272
1.6400,0.5880
1.6405,0.9914
1.6410,0.8274
1.6415,-0.1140
1.6420,0.4295
1.6425,1.4244
1.6430,1.7774
1.6435,1.3759
1.6440,0.1651
1.6445,1.8218
1.6450,-1.0320
1.6455,1.0198
1.6460,-1.3392
1.6465,-0.1416
1.6470,1.4485
1.6475,0.4413
1.6480,-0.1982
1.6485,0.7555
1.6490,-0.4606
1.6495,-0.2058
1.6500,-1.3239
1.6505,0.8597
1.6510,-1.3123
1.6515,0.6094
1.6520,0.2585
1.6525,-1.3094
1.6530,-0.5363
1.6535,0.1697
1.6540,0.3174
1.6545,-0.7274
1.6550,-1.9648
1.6555,0.8411
1.6560,-1.8413
1.6565,0.3485
1.6570,0.4622
1.6575,-1.1751
1.6580,-1.2781
1.6585,-1.3746
1.6590,-1.2773
1.6595,-1.7063
1.6600,-0.4280
1.6605,-0.4477
1.6610,-1.9636
1.6615,-0.2375
1.6620,-1.7718
1.6625,-0.9276
1.6630,-1.8636
1.6635,-0.4957
1.6640,-1.4591
1.6645,-1.8477
1.6650,0.3097
1.6655,-2.1899
1.6660,1.4984
1.6665,-0.4946
1.6670,-0.2004
1.6675,-1.4664
1.6680,1.3483
1.6685,-0.4465
1.6690,0.7768
1.6695,0.7142
1.6700,0.9310
1.6705,2.0029
1.6710,-0.3086
1.6715,-0.0444
1.6720,0.8707
1.6725,1.7889
1.6730,1.1278
1.6735,2.8968
1.6740,1.0446
1.6745,1.6946
1.6750,0.0746
1.6755,-0.2973
1.6760,-0.7209
1.6765,-0.1207
1.6770,0.3232
1.6775,1.2392
1.6780,-1.0379
1.6785,0.3179
1.6790,-0.6739
1.6795,-0.9033
1.6800,0.1449
1.6805,1.8185
1.6810,0.1639
1.6815,-0.0827
1.6820,-0.1399
1.6825,0.0227
1.6830,0.8566
1.6835,-1.5350
1.6840,1.8251
1.6845,-0.0866
1.6850,-0.9958
1.6855,1.6956
1.6860,-1.6620
1.6865,-0.4304
1.6870,-0.9055
1.6875,-0.0720
1.6880,-0.6204
1.6885,-2.3171
1.6890,-1.1811
1.6895,-1.1626
1.6900,-1.9547
1.6905,0.2083
1.6910,0.7807
1.6915,-0.8518
1.6920,0.2790
1.6925,-1.8121
1.6930,-1.0654
1.6935,-2.2672
1.6940,-1.9034
1.6945,-3.6344
1.6950,1.2161
1.6955,-0.4707
1.6960,-1.4965
1.6965,-2.2516
1.6970,0.1762
1.6975,-1.7852
1.6980,-0.9969
1.6985,-1.0639
1.6990,-0.9275
1.6995,-1.0462
1.7000,-0.2239
1.7005,1.0623
1.7010,-1.8561
1.7015,1.5583
1.7020,-0.1716
1.7025,2.7059
1.7030,1.0161
1.7035,1.3143
1.7040,-0.5543
1.7045,0.5195
1.7050,2.0223
1.7055,0.4134
1.7060,2.2828
1.7065,1.7548
1.7070,0.5331
1.7075,1.1978
1.7080,-1.7980
1.7085,1.1390
1.7090,0.6203
1.7095,1.4944
1.7100,0.8388
1.7105,2.0916
1.7110,1.9534
1.7115,3.2178
1.7120,-0.1156
1.7125,-0.6838
1.7130,0.1683
1.7135,1.1222
1.7140,0.6376
1.7145,1.3870
1.7150,-1.2111
1.7155,0.9439
1.7160,0.4507
1.7165,1.4221
1.7170,0.4638
1.7175,0.4450
1.7180,-0.1777
1.7185,0.2086
1.7190,-1.8840
1.7195,-1.4934
1.7200,-0.7566
1.7205,-1.4844
1.7210,-1.6110
1.7215,0.0004
1.7220,-0.5815
1.7225,-1.4682
1.7230,-0.9200
1.7235,0.6587
1.7240,-0.9511
1.7245,-1.7104
1.7250,-2.0665
1.7255,0.3262
1.7260,-2.3378
1.7265,-0.8219
1.7270,-2.2488
1.7275,0.6790
1.7280,-0.3867
1.7285,0.4599
1.7290,0.3707
1.7295,0.1379
1.7300,-0.8558
1.7305,-0.0627
1.7310,-1.0224
1.7315,0.0349
1.7320,-0.6061
1.7325,-0.0463
1.7330,-0.4322
1.7335,0.1398
1.7340,-0.5666
1.7345,-1.3373
1.7350,1.9001
1.7355,-0.9437
1.7360,-0.9637
1.7365,1.9351
1.7370,1.3029
1.7375,0.6543
1.7380,0.7943
1.7385,0.7315
1.7390,1.5433
1.7395,1.4197
1.7400,0.4516
1.7405,0.2518
1.7410,2.6598
1.7415,0.7070
1.7420,1.4419
1.7425,0.2123
1.7430,1.3590
1.7435,-0.3937
1.7440,1.0580
1.7445,0.6828
1.7450,1.6692
1.7455,1.0156
1.7460,1.9940
1.7465,1.7868
1.7470,0.4551
1.7475,0.1020
1.7480,2.1813
1.7485,1.1645
1.7490,0.5686
1.7495,0.5482
1.7500,0.4114
1.7505,0.1965
1.7510,1.6954
1.7515,-0.1761
1.7520,-0.7137
1.7525,-1.2121
1.7530,-0.3945
1.7535,0.0740
1.7540,0.9326
1.7545,0.2412
1.7550,-0.1144
1.7555,-1.0769
1.7560,-1.9190
1.7565,-0.5894
1.7570,-0.1266
1.7575,-1.4726
1.7580,-0.3629
1.7585,-0.5412
1.7590,-0.0237
1.7595,-0.5117
1.7600,-1.2073
1.7605,-1.5822
1.7610,-0.3054
1.7615,-0.1038
1.7620,-2.2975
1.7625,-1.7132
1.7630,-1.1942
1.7635,-1.0157
1.7640,-0.9365
1.7645,0.8640
1.7650,-0.4934
1.7655,-0.2718
1.7660,1.0466
1.7665,-0.9280
1.7670,0.1642
1.7675,-0.6798
1.7680,1.5928
1.7685,0.3710
1.7690,2.9078
1.7695,1.5138
1.7700,0.6239
1.7705,1.9422
1.7710,-0.2124
1.7715,1.9891
1.7720,-0.9376
1.7725,-1.1506
1.7730,0.5170
1.7735,-1.1176
1.7740,1.3775
1.7745,0.2105
1.7750,1.3957
1.7755,1.2870
1.7760,1.5103
1.7765,0.7953
1.7770,0.7572
1.7775,2.3612
1.7780,2.5398
1.7785,1.0791
1.7790,0.6625
1.7795,1.0707
1.7800,1.2293
1.7805,0.0730
1.7810,-1.5963
1.7815,-0.6150
1.7820,0.3888
1.7825,-1.0107
1.7830,-0.9801
1.7835,0.8251
1.7840,-0.5326
1.7845,-0.4198
1.7850,-1.4340
1.7855,0.4230
1.7860,-0.7065
1.7865,-0.7316
1.7870,0.4858
1.7875,-1.8028
1.7880,-1.3624
1.7885,-0.1861
1.7890,-1.9743
1.7895,-0.5436
1.7900,-1.2921
1.7905,-0.5345
1.7910,-1.5693
1.7915,-0.5344
1.7920,-1.2687
1.7925,-0.5226
1.7930,-0.9801
1.7935,0.5750
1.7940,0.6012
1.7945,-0.4389
1.7950,-1.2884
1.7955,0.1131
1.7960,-0.9928
1.7965,-2.0683
1.7970,0.1396
1.7975,-1.1556
1.7980,-0.5857
1.7985,-0.5652
1.7990,-1.3030
1.7995,-1.4111
1.8000,-0.3216
1.8005,-0.9168
1.8010,-0.8929
1.8015,-0.4387
1.8020,1.2281
1.8025,1.4973
1.8030,-0.6666
1.8035,-0.2055
1.8040,0.0201
1.8045,0.8857
1.8050,1.7594
1.8055,1.9226
1.8060,0.6406
1.8065,0.5583
1.8070,-0.2621
1.8075,3.9898
1.8080,0.8588
1.8085,0.4888
1.8090,3.0081
1.8095,0.3545
1.8100,1.3246
1.8105,0.5838
1.8110,2.4099
1.8115,1.1931
1.8120,0.4198
1.8125,0.7689
1.8130,1.0047
1.8135,1.2633
1.8140,0.2578
1.8145,0.3479
1.8150,0.9601
1.8155,0.3668
1.8160,0.8828
1.8165,0.2514
1.8170,0.4430
1.8175,0.6144
1.8180,0.1468
1.8185,0.7142
1.8190,-0.2790
1.8195,0.0220
1.8200,0.1844
1.8205,-0.6065
1.8210,0.3502
1.8215,0.6043
1.8220,1.1387
1.8225,0.2087
1.8230,-0.7301
1.8235,-1.0618
1.8240,-0.8304
1.8245,-0.1431
1.8250,-0.8712
1.8255,-0.7225
1.8260,-1.5725
1.8265,-0.8025
1.8270,-2.5788
1.8275,-2.5033
1.8280,-0.7775
1.8285,-2.3238
1.8290,-1.0684
1.8295,0.1102
1.8300,-0.1337
1.8305,1.3983
1.8310,-0.4564
1.8315,0.5564
1.8320,0.7274
1.8325,0.9233
1.8330,-0.2491
1.8335,0.8603
1.8340,1.2767
1.8345,0.4531
1.8350,0.4630
1.8355,1.1590
1.8360,0.3890
1.8365,0.3385
1.8370,-1.0687
1.8375,2.0953
1.8380,-0.4044
1.8385,2.5881
1.8390,1.6956
1.8395,1.1360
1.8400,2.8398
1.8405,1.7989
1.8410,0.9311
1.8415,0.3348
1.8420,0.4758
1.8425,1.3263
1.8430,1.6268
1.8435,1.5957
1.8440,1.0462
1.8445,2.2480
1.8450,1.1011
1.8455,1.2377
1.8460,0.0427
1.8465,0.5246
1.8470,1.1219
1.8475,-0.0516
1.8480,0.4863
1.8485,0.9371
1.8490,-0.2536
1.8495,-1.0540
1.8500,0.9462
1.8505,-0.3583
1.8510,-1.2564
1.8515,0.5140
1.8520,-0.6441
1.8525,-0.8235
1.8530,1.1862
1.8535,-0.2031
1.8540,-0.8480
1.8545,-1.0612
1.8550,-0.7280
1.8555,-0.1748
1.8560,-0.5248
1.8565,-1.8879
1.8570,-1.2386
1.8575,-1.4274
1.8580,-2.3197
1.8585,0.5576
1.8590,-0.8895
1.8595,-0.8067
1.8600,-0.7228
1.8605,-1.1251
1.8610,-1.0411
1.8615,-3.4461
1.8620,-1.9389
1.8625,-2.0420
1.8630,0.8235
1.8635,0.8667
1.8640,-1.1281
1.8645,-0.1242
1.8650,-1.5236
1.8655,0.3387
1.8660,0.3363
1.8665,-0.7208
1.8670,0.3976
1.8675,0.4402
1.8680,-0.2462
1.8685,-1.2026
1.8690,0.2323
1.8695,2.2133
1.8700,2.2986
1.8705,0.9507
1.8710,1.5624
1.8715,0.8908
1.8720,0.5313
1.8725,1.5885
1.8730,2.6978
1.8735,1.0364
1.8740,-0.6978
1.8745,-0.1215
1.8750,1.2280
1.8755,0.8122
1.8760,0.9883
1.8765,0.0407
1.8770,-0.1834
1.8775,0.6171
1.8780,0.5998
1.8785,0.7112
1.8790,0.4563
1.8795,-0.0656
1.8800,1.2727
1.8805,0.9027
1.8810,0.5259
1.8815,1.5731
1.8820,0.3419
1.8825,-0.0623
1.8830,0.9307
1.8835,0.3248
1.8840,0.7988
1.8845,0.0487
1.8850,0.9638
1.8855,1.8538
1.8860,-0.4255
1.8865,-0.8639
1.8870,1.5820
1.8875,-1.1131
1.8880,0.3032
1.8885,-1.5641
1.8890,0.1787
1.8895,-0.1785
1.8900,0.1127
1.8905,0.2535
1.8910,-1.5917
1.8915,-0.8261
1.8920,-1.6078
1.8925,-0.1564
1.8930,-1.4680
1.8935,-2.3746
1.8940,-1.4029
1.8945,-2.1637
1.8950,-1.5410
1.8955,-1.4772
1.8960,-2.5132
1.8965,-2.5269
1.8970,-0.4965
1.8975,-0.0607
1.8980,-0.3442
1.8985,0.0103
1.8990,-1.0104
1.8995,1.1814
1.9000,-0.8766
1.9005,-0.1168
1.9010,-0.5347
1.9015,1.3708
1.9020,0.2355
1.9025,1.0277
1.9030,1.7779
1.9035,0.2961
1.9040,-0.1537
1.9045,0.9332
1.9050,2.8993
1.9055,0.4400
1.9060,2.9047
1.9065,0.9287
1.9070,1.9359
1.9075,-0.1308
1.9080,0.7816
1.9085,1.8398
1.9090,1.0753
1.9095,0.6092
1.9100,-0.4751
1.9105,0.6233
1.9110,0.1633
1.9115,2.0331
1.9120,1.1811
1.9125,-0.3445
1.9130,1.2749
1.9135,0.8544
1.9140,-1.2613
1.9145,0.8667
1.9150,1.0180
1.9155,0.7970
1.9160,0.9472
1.9165,0.4101
1.9170,0.4263
1.9175,0.9482
1.9180,-0.5220
1.9185,1.3474
1.9190,-0.4314
1.9195,-1.9198
1.9200,-0.2925
1.9205,-2.1010
1.9210,-0.3696
1.9215,-1.3646
1.9220,-3.0173
1.9225,-0.5088
1.9230,-1.7015
1.9235,-0.6253
1.9240,-1.8835
1.9245,-0.2955
1.9250,-1.0409
1.9255,0.1028
1.9260,-0.5566
1.9265,-0.6584
1.9270,-2.4479
1.9275,0.2007
1.9280,-1.7092
1.9285,-1.1460
1.9290,-0.6507
1.9295,-0.8542
1.9300,-1.6952
1.9305,-1.8200
1.9310,-1.9543
1.9315,-1.4370
1.9320,-0.4965
1.9325,-0.6608
1.9330,-0.2369
1.9335,-0.0511
1.9340,0.7551
1.9345,0.3349
1.9350,1.4418
1.9355,2.3078
1.9360,0.4772
1.9365,1.5140
1.9370,0.4672
1.9375,-0.6653
1.9380,1.3611
1.9385,0.9747
1.9390,1.3064
1.9395,1.0146
1.9400,0.8323
1.9405,1.8412
1.9410,0.5394
1.9415,1.4406
1.9420,-0.6692
1.9425,2.9455
1.9430,-0.7617
1.9435,1.6787
1.9440,0.3537
1.9445,0.6089
1.9450,1.9187
1.9455,-0.2176
1.9460,0.5014
1.9465,-0.6133
1.9470,1.2303
1.9475,0.8677
1.9480,0.5794
1.9485,-0.1449
1.9490,-0.1136
1.9495,-0.1349
1.9500,0.3640
1.9505,-1.1966
1.9510,-0.1042
1.9515,0.7713
1.9520,-0.2412
1.9525,0.8861
1.9530,-0.1231
1.9535,-0.3569
1.9540,0.6308
1.9545,0.5440
1.9550,-0.4600
1.9555,-0.4807
1.9560,-0.7176
1.9565,-1.0097
1.9570,0.0704
1.9575,0.3598
1.9580,-1.6149
1.9585,-1.0682
1.9590,-1.2560
1.9595,-2.9756
1.9600,-1.9105
1.9605,-1.4134
1.9610,-0.2228
1.9615,-0.7301
1.9620,-1.3630
1.9625,0.0344
1.9630,-1.0580
1.9635,0.9042
1.9640,0.0275
1.9645,-0.2266
1.9650,1.0656
1.9655,1.8526
1.9660,-0.9712
1.9665,0.4187
1.9670,-0.6074
1.9675,-0.6801
1.9680,1.6185
1.9685,0.9912
1.9690,0.2259
1.9695,0.0431
1.9700,0.4652
1.9705,0.6224
1.9710,0.6247
1.9715,0.6135
1.9720,0.6111
1.9725,-1.1601
1.9730,1.0114
1.9735,0.1223
1.9740,0.2224
1.9745,1.5553
1.9750,0.4281
1.9755,1.6497
1.9760,1.5294
1.9765,1.8904
1.9770,2.8923
1.9775,0.3634
1.9780,0.4606
1.9785,0.4433
1.9790,-0.6406
1.9795,-0.3329
1.9800,0.2483
1.9805,0.3637
1.9810,-0.4379
1.9815,0.0411
1.9820,0.3650
1.9825,1.1201
1.9830,0.4832
1.9835,1.1171
1.9840,0.9472
1.9845,0.7725
1.9850,-0.6671
1.9855,-1.7181
1.9860,-1.1465
1.9865,-0.7841
1.9870,0.3146
1.9875,-0.5641
1.9880,-1.5460
1.9885,-0.5429
1.9890,-0.6476
1.9895,0.2948
1.9900,0.7555
1.9905,-0.5741
1.9910,-0.9906
1.9915,-0.6249
1.9920,-1.5706
1.9925,-1.4880
1.9930,-2.5418
1.9935,-0.5203
1.9940,-0.3029
1.9945,-1.3132
1.9950,-1.7226
1.9955,-1.7412
1.9960,-1.6195
1.9965,-1.4884
1.9970,0.3477
1.9975,0.8138
1.9980,-1.0428
1.9985,0.2516
1.9990,0.5171
1.9995,0.0605
